Img_069_0000.jpg,http://img.youtube.com/vi/Y-Y9CXGRJPU/0.jpg
Img_069_0001.jpg,http://monstergimbap.com/wp-content/uploads/2016/03/01.jpg
Img_069_0002.jpg,http://img3.doosanmagazine.gscdn.com/article_image/img_2/2012/04/01040301000026902_1.jpg
Img_069_0003.jpg,http://img3.doosanmagazine.gscdn.com/article_image/img_2/2012/04/01040301000026903_1.jpg
Img_069_0005.jpg,http://cfile214.uf.daum.net/image/016D5D44507A2117112D14
Img_069_0006.png,http://031-442-4637.pkt114.com/upload/2016-02-04/031-442-4637_2a.png
Img_069_0007.jpg,http://recipe.ezmember.co.kr/cache/recipe/2015/10/05/043dcd4f69575ef726503b99b128dd421_f.jpg
Img_069_0009.jpg,http://cfile233.uf.daum.net/image/110D0B4650F094D13376F5
Img_069_0010.jpg,http://cfile30.uf.tistory.com/image/111ACC434F56B0312BFED5
Img_069_0012.jpg,http://cfile212.uf.daum.net/image/112C66454EBBD5CA3531CE
Img_069_0013.jpg,http://pimage.design.co.kr/cms/contents/direct/info_id/40640/1178171514150.jpg
Img_069_0014.jpg,http://cfile215.uf.daum.net/image/122E38444FBCF8F90A8CFD
Img_069_0015.jpg,http://cfile214.uf.daum.net/image/123A7B464FA5C6440AF495
Img_069_0016.jpg,http://cfile210.uf.daum.net/image/127A30464D3011952166D0
Img_069_0017.jpg,http://1.bp.blogspot.com/-w7uJW1729yg/UYb8_k2enfI/AAAAAAAAAMk/MTXCgmqCLlE/s1600/1359352401_0128_1299.jpg
Img_069_0018.jpg,http://anh.eva.vn/upload/4-2014/images/2014-11-10/1415594172-nhung-mon-an-han-gimbap-1.jpg
Img_069_0019.jpg,http://cfile23.uf.tistory.com/image/142BC03950EA66FE363A96
Img_069_0020.jpg,http://cfile3.uf.tistory.com/image/144CA4424D3D8C711274BA
Img_069_0023.png,https://img.siksinhot.com/place/1463453292089140.png
Img_069_0024.jpg,http://cfile235.uf.daum.net/image/146A183E4D30107A0AF73C
Img_069_0025.jpg,http://cphoto.asiae.co.kr/listimglink/6/2013092714473335053_1.jpg
Img_069_0027.jpg,http://cfile24.uf.tistory.com/image/156F60454F3F7580202A4C
Img_069_0028.jpg,http://cfile217.uf.daum.net/image/157F900B49E97E87596BF0
Img_069_0029.jpg,http://i2.ruliweb.com/img/17/02/03/15a025343b5e3076.jpg
Img_069_0031.jpg,http://i3.ruliweb.com/img/17/05/01/15bc26f29dd29c8.jpg
Img_069_0032.jpg,http://cfile201.uf.daum.net/image/1643171649E7D59352041D
Img_069_0033.jpg,http://cfile203.uf.daum.net/image/165D11344FB97D9E0361B3
Img_069_0034.jpg,http://d12j2a1lojadgg.cloudfront.net/wp-content/uploads/photo-gallery/18.jpg
Img_069_0035.jpg,http://postfiles13.naver.net/20101206_188/allcllrp_1291637452304EanPY_JPEG/2.jpg?type=w1
Img_069_0037.jpg,http://sccdn.chosun.com/news/html/2011/08/09/2011081001000749200064948.jpg
Img_069_0038.jpg,http://i2.media.daumcdn.net/svc/image/U03/news/201405/22/ceci/20140522172309541.jpg
Img_069_0040.jpg,http://sccdn.chosun.com/news/html/2014/10/22/2014102301002760000173351.jpg
Img_069_0042.jpeg,http://pds.joins.com/news/component/htmlphoto_mmdata/201411/18/htm_20141118125652n120n122.jpg
Img_069_0043.jpg,http://image.chosun.com/sitedata/image/201505/06/2015050601080_1.jpg
Img_069_0045.JPG,http://postfiles11.naver.net/20160129_154/nmh2334_1454047708781pkpRb_JPEG/20160129131214_IMG_2220_edit_edit.JPG?type=w2
Img_069_0047.png,http://offree.net/attach/1/2108841622.png
Img_069_0048.jpg,http://cfile227.uf.daum.net/image/21794534536A617C313EEA
Img_069_0049.jpg,https://upload.wikimedia.org/wikipedia/commons/thumb/3/3b/1003_chungmugimbap.jpg/220px-1003_chungmugimbap.jpg
Img_069_0050.jpg,https://upload.wikimedia.org/wikipedia/commons/thumb/f/fe/Gimbap_2.jpg/220px-Gimbap_2.jpg
Img_069_0052.jpg,http://cfile22.uf.tistory.com/image/23623734528655E21FDDBA
Img_069_0053.jpg,http://cfile10.uf.tistory.com/image/252EBE48555558272E43F5
Img_069_0054.jpg,http://cfile2.uf.tistory.com/image/262FD7425412AAE21DB802
Img_069_0055.jpg,http://cfile239.uf.daum.net/image/264F2A4F525B738D08A3B9
Img_069_0056.jpg,http://cfile230.uf.daum.net/image/275DF14B52AFB20714174B
Img_069_0057.jpg,http://cfile215.uf.daum.net/image/2766414554605E5231BED4
Img_069_0058.jpg,http://cfile28.uf.tistory.com/image/276EE34452DD918629612C
Img_069_0060.png,http://farm4.static.flickr.com/3362/3448841591_b19b69d468_o.png
Img_069_0061.jpg,http://kobongmin.co.kr/gnuboard4/data/file/s5_1/3730921754_eKJUSgbB_E18489E185A2E1848BE185AEE18480E185B5E186B7E18487E185A1E186B8.jpg
Img_069_0063.jpg,http://recipe.ezmember.co.kr/cache/recipe/2015/09/30/40f5a6f8e408dea88d2c5abb82b97e2a1_m.jpg
Img_069_0064.jpg,http://cfs9.blog.daum.net/image/8/blog/2007/10/10/00/35/470b9fb8635f0&amp;filename=53.jpg
Img_069_0065.jpg,http://www.jinsukimbap.com/uploads/wwh1411002/201506/47c7cb81c3ac5e6ca2d0679cfec4aa35_crop.jpg
Img_069_0066.jpg,http://recipe.ezmember.co.kr/cache/recipe/2015/05/05/47d15b293c44a7f728e7dbd207b881f31_m.jpg
Img_069_0068.jpg,http://cfs13.tistory.com/original/30/tistory/2009/07/11/17/04/4a5847812255e
Img_069_0069.jpg,http://recipe.ezmember.co.kr/cache/recipe/2016/08/31/4b5f8d8e1318be810410948e480f15961_m.jpg
Img_069_0070.JPG,http://www.homecuisine.co.kr/files/attach/images/140/296/008/4be88d40bd1106f7e656a2835749e4ab.JPG
Img_069_0071.jpg,http://media-cache-ec0.pinimg.com/736x/4d/0b/db/4d0bdb8110b0a590327042383d5701bc.jpg
Img_069_0072.jpg,http://i.imgur.com/4t7ll2u.jpg
Img_069_0073.jpg,https://3.bp.blogspot.com/-K_9g05ZCfNs/WNVPXY7ks6I/AAAAAAAAVz8/FZdJWSlITlUNlNCeiFNx_JZzbdpjkYhmwCLcB/s1600/5.jpg
Img_069_0074.jpg,http://postfiles13.naver.net/20130418_60/baby0817_1366250333483plMIw_JPEG/51.jpg?type=w1
Img_069_0076.jpg,http://i1.ruliweb.daumcdn.net/uf/image/U01/ruliweb/56C88A98454F7C0026
Img_069_0077.jpg,http://i1.ruliweb.daumcdn.net/uf/image/U01/ruliweb/56C88A9A4559190021
Img_069_0078.jpg,http://i1.ruliweb.daumcdn.net/uf/image/U01/ruliweb/56C88A9B457F10000D
Img_069_0079.jpg,http://i1.ruliweb.daumcdn.net/uf/image/U01/ruliweb/56C88A9C461431002C
Img_069_0080.jpg,http://i1.ruliweb.daumcdn.net/uf/image/U01/ruliweb/56C88A9C46164A002A
Img_069_0081.jpg,http://i1.ruliweb.daumcdn.net/uf/image/U01/ruliweb/56C88A9D4665020002
Img_069_0082.jpg,http://recipe.ezmember.co.kr/cache/recipe/2016/06/05/58cca046622aefd99be3f1ae239dfdc81_m.jpg
Img_069_0083.jpg,http://www.nemopan.com/photo_food/97300/page/files/attach/images/2578/97300/6.jpg
Img_069_0084.jpg,http://postfiles12.naver.net/20130418_219/baby0817_1366250336809PIIU8_JPEG/61.jpg?type=w1
Img_069_0085.jpg,http://tourimage.interpark.com/Spot/208/17475/201204/6347140858857181236.jpg
Img_069_0086.jpg,http://recipe.ezmember.co.kr/cache/recipe/2016/02/16/6747682851f414f010e401c0682340961_m.jpg
Img_069_0087.jpg,http://recipe.ezmember.co.kr/cache/recipe/2015/08/03/7b4d33b6aa05ac7bcd37d2be92cce977_m.jpg
Img_069_0088.jpg,http://recipe.ezmember.co.kr/cache/recipe/2015/11/10/8b111f34bda996ba6ab8c39eff1fba841_m.jpg
Img_069_0089.jpg,http://recipe.ezmember.co.kr/cache/recipe/2015/06/12/8b35734203aa7f784c647fdb1731557d_m.jpg
Img_069_0090.jpg,http://www.jinsukimbap.com/uploads/wwh1411002/201506/8d94fae643cf6a20e51c4f957fc9b26e_crop.jpg
Img_069_0091.jpg,http://recipe.ezmember.co.kr/cache/recipe/2016/03/15/8def1f95725310463cec8bcfbb50f7f11_m.jpg
Img_069_0092.jpeg,https://pbs.twimg.com/profile_images/3726220239/9e1a2b140ce414f8b85eeff032a53785.jpeg
Img_069_0093.jpeg,http://img.yonhapnews.co.kr/photo/cms/2012/03/12/01/C0A8CA3D0000013644E12610008A056_P2.jpeg
Img_069_0094.jpg,https://pbs.twimg.com/media/Cz3ge6bVIAADKaf.jpg
Img_069_0095.JPG,http://4.bp.blogspot.com/-p6B661ayatU/ThCjjuUxKHI/AAAAAAAACb4/mMwdbXbZ9nc/s1600/DSC01327-2.JPG
Img_069_0096.jpg,http://www.kr-hirosaki.com/wp-content/uploads/2012/11/DSCF7274.jpg
Img_069_0097.jpg,http://www.kr-hirosaki.com/wp-content/uploads/2012/11/DSCF7294.jpg
Img_069_0099.jpg,http://3.bp.blogspot.com/-zZV8NPmCe4I/UnM4Fmu8BOI/AAAAAAAAChc/6J6OoX8p_Io/s1600/DSC_5125_1.jpg
Img_069_0100.jpg,http://img.theqoo.net/img/DmPKJ.jpg
Img_069_0101.png,http://www.xn--o39as6b55vgzev7h.com/uploadfiles/FGR.png
Img_069_0103.jpg,http://image.babosarang.co.kr/product/detail/APB/1502161835478439/_400.jpg
Img_069_0104.jpg,http://pds17.egloos.com/pds/200910/05/08/a0015808_4ac9f7cd63945.jpg
Img_069_0105.jpg,http://pds10.egloos.com/pds/200901/22/66/b0008466_4977c399b0037.jpg
Img_069_0106.jpg,http://www.menupan.com/restaurant/restimg/000/zzmenuimg/b1022504_z.jpg
Img_069_0107.jpg,http://www.menupan.com/restaurant/restimg/008/zzmenuimg/b1022584_z.jpg
Img_069_0108.jpg,http://www.jinsukimbap.com/uploads/wwh1411002/201506/b3242ab471f8b7b8b451474121000aa7_crop.jpg
Img_069_0109.png,http://image.fmkorea.com/files/attach/new/20151030/486616/64340236/247322782/b3d1d3c054501d8b5a5470f4a4833d2c.png
Img_069_0110.jpg,http://www.menupan.com/restaurant/restimg/009/zzmenuimg/b4028893_z.jpg
Img_069_0111.jpg,http://recipe.ezmember.co.kr/cache/recipe/2015/06/24/b68a40e99fd5c0fd7f7c9b6bc8d48f68_m.jpg
Img_069_0112.jpg,http://img.ezmember.co.kr/cache/board/2012/05/22/ba14adaee691c1b7363edcf142f95c34.jpg
Img_069_0113.jpg,http://www.bapsim.com/web/product/big/bapsim5620_37.jpg
Img_069_0114.jpg,http://www.cook11.co.kr/cook11_vertical/images/sub/bimg_9_3.jpg
Img_069_0115.jpg,http://www.cook11.co.kr/cook11_vertical/images/sub/bimg_9_4.jpg
Img_069_0116.jpg,http://cfile206.uf.daum.net/image/142C800C4BCFA25901C930
Img_069_0117.jpg,http://postfiles12.naver.net/20120107_155/utongin_1325897293801J2tQS_JPEG/2.jpg?type=w2
Img_069_0118.jpg,http://1.bp.blogspot.com/-oLOi_KIyURo/VnQ2AC53E7I/AAAAAAAAuYc/18nQdUHoI2Q/s1600/2.jpg
Img_069_0119.jpg,http://www.nemopan.com/files/attach/images/2578/97300/4.jpg
Img_069_0121.jpg,http://postfiles14.naver.net/20120928_125/baby0817_1348793158868QWJ2A_JPEG/50.jpg?type=w1
Img_069_0122.jpg,http://www.nemopan.com/files/attach/images/2578/97300/5.jpg
Img_069_0125.jpg,http://img1.ezday.co.kr/cache/board/2011/05/12/8f36fc8387dbad5725225c01f6dc9944.jpg
Img_069_0127.jpg,http://recipe.ezmember.co.kr/cache/recipe/2016/10/07/b67362b686752cef19a8f2abb1852cd81_m.jpg
Img_069_0128.jpg,https://rabbitcancook.files.wordpress.com/2012/09/gimbap.jpg
Img_069_0130.jpg,https://i.ytimg.com/vi/J5PDgCw43c8/hqdefault.jpg
Img_069_0131.jpg,https://i.ytimg.com/vi/PN5-QdXQvYs/hqdefault.jpg
Img_069_0132.jpg,http://cdn.cahierdeseoul.com/2012/07/kimbap-cahier-de-seoul10.jpg
Img_069_0133.jpg,http://coffeehelps.files.wordpress.com/2011/07/kimbap.jpg
Img_069_0134.jpg,http://4.bp.blogspot.com/-k4arBdTSJ3s/UXPfffnCHQI/AAAAAAAALv8/8rXjPefGnO4/s1600/kimbap1.jpg
Img_069_0135.jpg,https://i.ytimg.com/vi/Y-Y9CXGRJPU/maxresdefault.jpg
Img_069_0136.jpg,https://i.ytimg.com/vi/kgBF_cswTu8/maxresdefault.jpg
Img_069_0137.jpg,https://i.ytimg.com/vi/-Zf--SCa1_0/maxresdefault.jpg
Img_069_0138.jpg,http://pds1.egloos.com/pds/1/200602/20/59/c0009759_4291168.jpg
Img_069_0140.gif,http://img.ezmember.co.kr/cache/board/2014/07/06/c8c17b69b37e2acaa37d199fa9b9c106.gif
Img_069_0146.jpg,http://recipe.ezmember.co.kr/cache/recipe/2015/07/10/dc9c7af67676e33e6b674ecb0fada3b31_m.jpg
Img_069_0147.jpg,http://recipe.ezmember.co.kr/cache/recipe/2015/05/13/de8ba6a334bc6c06c358a9d26135c3011_m.jpg
Img_069_0149.JPG,http://www.jinsukimbap.com/uploads/wwh1411002/201506/e52ef756b96f5027bf3177d880a5efc8.JPG?t=14e2da9c4cc
Img_069_0150.jpg,http://recipe.ezmember.co.kr/cache/recipe/2016/06/29/e7401296033ab8e4297cd53d71e1bba91_m.jpg
Img_069_0151.jpg,http://www.jinsukimbap.com/uploads/wwh1411002/201506/f1f6b4f7b38258748dca940b7497193e_crop.jpg
Img_069_0153.jpg,http://recipe.ezmember.co.kr/cache/recipe/2015/06/03/fbf79a8d83e8912fd73420fac921bb761_m.jpg
Img_069_0154.jpg,https://farm5.staticflickr.com/4332/35733089034_6ba2f4724b.jpg
Img_069_0155.jpg,https://farm3.staticflickr.com/2369/2265674559_38a12499df.jpg
Img_069_0156.jpg,https://farm9.staticflickr.com/8113/8703793758_a92fa91382.jpg
Img_069_0157.jpg,https://farm7.staticflickr.com/6106/6273872790_d606d3cc74.jpg
Img_069_0158.jpg,https://farm4.staticflickr.com/3876/14998209702_4e8ef1e5b4.jpg
Img_069_0159.jpg,https://farm5.staticflickr.com/4127/5080644871_d47c7ffaf2.jpg
Img_069_0160.jpg,https://farm4.staticflickr.com/3895/14632292937_a9de0a4ff7.jpg
Img_069_0161.jpg,https://farm4.staticflickr.com/3799/8841941163_45bd9cae66.jpg
Img_069_0162.jpg,https://farm4.staticflickr.com/3925/14537662651_5ddc052df0.jpg
Img_069_0163.jpg,https://farm5.staticflickr.com/4003/4535506218_5a11f06259.jpg
Img_069_0164.jpg,https://farm9.staticflickr.com/8146/7683652678_9bdea133f5.jpg
Img_069_0165.jpg,https://farm5.staticflickr.com/4123/4912626549_92cc8d23ca.jpg
Img_069_0166.jpg,https://farm8.staticflickr.com/7442/11698983803_e89173ff37.jpg
Img_069_0167.jpg,https://farm5.staticflickr.com/4045/4570968506_47b712a139.jpg
Img_069_0168.jpg,https://farm4.staticflickr.com/3052/2973253025_6f384fc8ca.jpg
Img_069_0169.jpg,https://farm1.staticflickr.com/24/183230778_bff611b029.jpg
Img_069_0170.jpg,https://farm5.staticflickr.com/4040/4535505832_596134f131.jpg
Img_069_0172.jpg,https://farm5.staticflickr.com/4021/5153821184_087bdc4e82.jpg
Img_069_0173.jpg,https://farm5.staticflickr.com/4015/4237030262_802aa3c177.jpg
Img_069_0174.jpg,https://farm9.staticflickr.com/8606/16226148778_77c662b3aa.jpg
Img_069_0175.jpg,https://farm4.staticflickr.com/3085/2803014177_f621aff59f.jpg
Img_069_0176.jpg,https://farm2.staticflickr.com/1171/4734611302_e0bede1b32.jpg
Img_069_0177.jpg,https://farm2.staticflickr.com/1410/4608087483_93c06f65cd.jpg
Img_069_0178.jpg,https://farm8.staticflickr.com/7485/15521666854_be38f57514.jpg
Img_069_0179.jpg,https://farm7.staticflickr.com/6131/5918059087_a4c51b8762.jpg
Img_069_0180.jpg,https://farm5.staticflickr.com/4027/4608695874_35fd7695ff.jpg
Img_069_0181.jpg,https://farm6.staticflickr.com/5024/5645701654_6a1331df12.jpg
Img_069_0182.jpg,https://farm2.staticflickr.com/1261/1451775827_e81b164ca8.jpg
Img_069_0183.jpg,https://farm1.staticflickr.com/128/350350789_0260a48a42.jpg
Img_069_0184.jpg,https://farm5.staticflickr.com/4339/36521555526_02fa47d96f.jpg
Img_069_0185.jpg,https://farm2.staticflickr.com/1360/723894659_ae6cfb8483.jpg
Img_069_0186.jpg,https://farm8.staticflickr.com/7333/16227570719_1a0e0c463b.jpg
Img_069_0187.jpg,https://farm4.staticflickr.com/3473/4570330783_c07b2c9fac.jpg
Img_069_0188.jpg,https://farm2.staticflickr.com/1298/4608695982_bb8f0e691d.jpg
Img_069_0189.jpg,https://farm4.staticflickr.com/3192/3040322461_fa749fe068.jpg
Img_069_0190.jpg,https://farm2.staticflickr.com/1260/4723270287_d819b5bec3.jpg
Img_069_0191.jpg,https://farm4.staticflickr.com/3742/11417448994_ed94b2613a.jpg
Img_069_0192.jpg,https://farm8.staticflickr.com/7079/7057050751_01a3195232.jpg
Img_069_0193.jpg,https://farm4.staticflickr.com/3793/12785405565_ba7df1037d.jpg
Img_069_0194.jpg,https://farm9.staticflickr.com/8529/8497039367_7edb13c0f1.jpg
Img_069_0195.jpg,https://farm2.staticflickr.com/1005/974668329_133f09933c.jpg
Img_069_0197.jpg,https://farm9.staticflickr.com/8036/8050073215_fbb6bfe2c5.jpg
Img_069_0198.jpg,https://farm3.staticflickr.com/2887/13885104425_0a40088488.jpg
Img_069_0199.jpg,https://farm7.staticflickr.com/6132/5918247831_bb7d45f288.jpg
Img_069_0200.jpg,https://farm4.staticflickr.com/3583/3508349421_dcf66289a2.jpg
Img_069_0201.jpg,https://farm6.staticflickr.com/5312/5806061590_a356b5fc63.jpg
Img_069_0202.jpg,https://farm3.staticflickr.com/2142/2422421989_8e552695cb.jpg
Img_069_0203.jpg,https://farm6.staticflickr.com/5501/10977083844_7183cae83c.jpg
Img_069_0204.jpg,https://farm9.staticflickr.com/8557/30237136425_6d0346ecef.jpg
Img_069_0205.jpg,https://farm7.staticflickr.com/6087/6036862697_897b1bf32a.jpg
Img_069_0206.jpg,https://farm1.staticflickr.com/62/230762271_3eb7bdc2d2.jpg
Img_069_0207.jpg,https://farm7.staticflickr.com/6167/6185468772_762c5b84e5.jpg
Img_069_0208.jpg,https://farm9.staticflickr.com/8191/8142916728_677661cc56.jpg
Img_069_0209.jpg,https://farm4.staticflickr.com/3440/3388506569_7a498ece13.jpg
Img_069_0210.jpg,https://farm4.staticflickr.com/3542/3457323702_2a5e672777.jpg
Img_069_0211.jpg,https://farm3.staticflickr.com/2724/5701653006_d6dd8bc88e.jpg
Img_069_0212.jpg,https://farm6.staticflickr.com/5525/9603795635_80b8128860.jpg
Img_069_0213.jpg,https://farm4.staticflickr.com/3676/9353348796_5136524561.jpg
Img_069_0214.jpg,https://farm4.staticflickr.com/3642/3618859972_f36055e12d.jpg
Img_069_0215.jpg,https://farm6.staticflickr.com/5127/5224327115_f85da9e4d8.jpg
Img_069_0216.jpg,https://farm5.staticflickr.com/4121/4932845685_49c08a0d4e.jpg
Img_069_0217.jpg,https://farm3.staticflickr.com/2780/4178135664_8573924e30.jpg
Img_069_0219.jpg,https://farm8.staticflickr.com/7312/12764921565_7f0affd7fd.jpg
Img_069_0220.jpg,https://farm8.staticflickr.com/7446/9052690587_79ac2e2a72.jpg
Img_069_0221.jpg,https://farm4.staticflickr.com/3945/15394823007_9149a19ca6.jpg
Img_069_0222.jpg,https://farm6.staticflickr.com/5561/18886838751_38360229f3.jpg
Img_069_0223.jpg,https://farm5.staticflickr.com/4028/4456659157_91d6fd4e79.jpg
Img_069_0224.jpg,https://farm4.staticflickr.com/3529/4015525443_6d557d8b4d.jpg
Img_069_0225.jpg,https://farm3.staticflickr.com/2822/12621116395_648283cf03.jpg
Img_069_0226.jpg,https://farm6.staticflickr.com/5557/14898237735_5279a2fe2e.jpg
Img_069_0227.jpg,https://farm2.staticflickr.com/1256/5108908965_6974ebf039.jpg
Img_069_0228.jpg,https://farm6.staticflickr.com/5073/5894917793_ce21f724dc.jpg
Img_069_0229.jpg,https://farm3.staticflickr.com/2843/12738043113_c76328768c.jpg
Img_069_0230.jpg,https://farm9.staticflickr.com/8384/8580002160_dd707d942a.jpg
Img_069_0231.jpg,https://farm6.staticflickr.com/5532/12560215935_94af3af4cb.jpg
Img_069_0232.jpg,https://farm8.staticflickr.com/7413/13329956915_06234f70a0.jpg
Img_069_0233.jpg,https://farm9.staticflickr.com/8602/15274507624_e5e1c1759d.jpg
Img_069_0234.jpg,https://farm4.staticflickr.com/3134/3140515000_02f439a8c1.jpg
Img_069_0235.jpg,https://farm8.staticflickr.com/7393/12318622433_be4f5a6384.jpg
Img_069_0236.jpg,https://farm3.staticflickr.com/2908/14241522518_dc33e89b7b.jpg
Img_069_0237.jpg,https://farm4.staticflickr.com/3871/14694013083_6359bec36f.jpg
Img_069_0238.jpg,https://farm3.staticflickr.com/2921/33457903331_d0f8833794.jpg
Img_069_0239.jpg,https://farm9.staticflickr.com/8054/8105500309_41a449defc.jpg
Img_069_0240.jpg,https://farm3.staticflickr.com/2509/4049143377_9b52e6986e.jpg
Img_069_0242.jpg,https://farm4.staticflickr.com/3704/13379148304_08791e839d.jpg
Img_069_0243.jpg,https://farm3.staticflickr.com/2385/2093063420_1bab8fed54.jpg
Img_069_0245.jpg,https://farm6.staticflickr.com/5205/5233232391_1bcef24343.jpg
Img_069_0246.jpg,https://farm4.staticflickr.com/3424/3924397881_58fb21e8c0.jpg
Img_069_0247.jpg,https://farm6.staticflickr.com/5074/14356723372_44e7f5c437.jpg
Img_069_0249.jpg,https://farm3.staticflickr.com/2795/4389474080_dc27531a16.jpg
Img_069_0250.jpg,https://farm6.staticflickr.com/5040/14378105551_ef40edf263.jpg
Img_069_0251.jpg,https://farm4.staticflickr.com/3945/15000953483_274b920fcd.jpg
Img_069_0252.jpg,https://farm8.staticflickr.com/7419/12317069433_62410427bd.jpg
Img_069_0253.jpg,https://farm4.staticflickr.com/3825/12918684745_4967d59b3e.jpg
Img_069_0254.jpg,https://farm4.staticflickr.com/3304/3426843305_0d625fa9e9.jpg
Img_069_0255.jpg,https://farm3.staticflickr.com/2858/12319664763_5953b860cf.jpg
Img_069_0257.jpg,https://farm8.staticflickr.com/7459/12303355005_075a67b90e.jpg
Img_069_0258.jpg,https://farm8.staticflickr.com/7351/12304701183_0967facf96.jpg
Img_069_0259.jpg,https://farm4.staticflickr.com/3367/3596467499_b60c6fb0d5.jpg
Img_069_0260.jpg,https://farm2.staticflickr.com/1644/24467567055_8e382cedcc.jpg
Img_069_0261.jpg,https://farm5.staticflickr.com/4021/4550779828_8705844dbd.jpg
Img_069_0262.jpg,https://farm6.staticflickr.com/5592/14809687398_c039518035.jpg
Img_069_0264.jpg,https://farm4.staticflickr.com/3107/5765123454_53ebeddbd5.jpg
Img_069_0265.jpg,https://farm8.staticflickr.com/7426/11662860084_0150f61a59.jpg
Img_069_0266.jpg,https://farm3.staticflickr.com/2947/34032465772_28ba4b21f5.jpg
Img_069_0267.jpg,https://farm3.staticflickr.com/2613/5806062654_b0d99f5cc8.jpg
Img_069_0268.jpg,https://farm9.staticflickr.com/8451/7899724618_c3e4497dc0.jpg
Img_069_0269.jpg,https://farm4.staticflickr.com/3696/12479696484_f3424d1aa4.jpg
Img_069_0270.jpg,https://farm5.staticflickr.com/4120/4877604394_863aef38de.jpg
Img_069_0271.jpg,https://farm7.staticflickr.com/6224/6293587080_4dac2de22a.jpg
Img_069_0272.jpg,https://farm9.staticflickr.com/8289/7779564746_11ec1290e8.jpg
Img_069_0273.jpg,https://farm6.staticflickr.com/5122/5216930405_48dd7e6537.jpg
Img_069_0274.jpg,https://farm8.staticflickr.com/7477/15787939267_d96ecfdbb0.jpg
Img_069_0275.jpg,https://farm3.staticflickr.com/2804/4168859386_1d913dcfd0.jpg
Img_069_0276.jpg,https://farm4.staticflickr.com/3303/4580417379_7ec7a4dbba.jpg
Img_069_0277.jpg,https://farm6.staticflickr.com/5539/12425209495_ff15cda3c9.jpg
Img_069_0278.jpg,https://farm4.staticflickr.com/3645/3642846353_f59e5439c8.jpg
Img_069_0279.jpg,https://farm6.staticflickr.com/5529/12744586133_2cd86e8b4b.jpg
Img_069_0280.jpg,https://farm5.staticflickr.com/4144/5170693863_6a58b9c587.jpg
Img_069_0281.jpg,https://farm3.staticflickr.com/2809/12304283075_755708f006.jpg
Img_069_0282.jpg,https://farm8.staticflickr.com/7313/12313933473_39dc93591f.jpg
Img_069_0283.jpg,https://farm5.staticflickr.com/4010/4176352682_403f70e967.jpg
Img_069_0284.jpg,https://farm4.staticflickr.com/3779/9032803646_18dceeac6a.jpg
Img_069_0285.jpg,https://farm2.staticflickr.com/1438/1043235503_7eb87e1bb8.jpg
Img_069_0286.jpg,https://farm6.staticflickr.com/5128/5275319561_3c826d44f4.jpg
Img_069_0287.jpg,https://farm2.staticflickr.com/1546/24097993341_4145894b28.jpg
Img_069_0288.jpg,https://farm6.staticflickr.com/5110/5663527686_29b6bcb470.jpg
Img_069_0289.jpg,https://farm8.staticflickr.com/7055/7147093433_1e97996ecc.jpg
Img_069_0290.jpg,https://farm9.staticflickr.com/8192/8140807403_40d5c93391.jpg
Img_069_0291.jpg,https://farm6.staticflickr.com/5526/12311322485_af9e3b8922.jpg
Img_069_0292.jpg,https://farm4.staticflickr.com/3698/13657337543_555b619049.jpg
Img_069_0293.jpg,https://farm5.staticflickr.com/4010/4657409110_c2cbdd8a25.jpg
Img_069_0294.jpg,https://farm4.staticflickr.com/3669/12358500055_98a01715d3.jpg
Img_069_0295.jpg,https://farm5.staticflickr.com/4034/4299381412_d3c9b12f82.jpg
Img_069_0296.jpg,https://farm5.staticflickr.com/4003/4653676827_02933a9d1a.jpg
Img_069_0297.jpg,https://farm7.staticflickr.com/6026/5899298247_16829a4b94.jpg
Img_069_0299.jpg,https://farm5.staticflickr.com/4066/4666203933_139517b1c6.jpg
Img_069_0300.jpg,https://farm5.staticflickr.com/4111/4973410311_c7b17e4c42.jpg
Img_069_0301.jpg,https://farm3.staticflickr.com/2192/2202391083_7b2be9f1f8.jpg
Img_069_0302.jpg,https://farm4.staticflickr.com/3413/3619327342_804e04e572.jpg
Img_069_0303.jpg,https://farm5.staticflickr.com/4072/4374607793_8a7643fcb0.jpg
Img_069_0304.jpg,https://farm6.staticflickr.com/5650/21531790283_dc67e48ac9.jpg
Img_069_0305.jpg,https://farm8.staticflickr.com/7486/16104881145_f5080c68e2.jpg
Img_069_0306.jpg,https://farm4.staticflickr.com/3673/12793852895_22c4a70acf.jpg
Img_069_0307.jpg,https://farm8.staticflickr.com/7301/12356962313_5a1fd07bfe.jpg
Img_069_0308.jpg,https://farm6.staticflickr.com/5312/14001680373_d91c15f7e1.jpg
Img_069_0309.jpg,https://farm4.staticflickr.com/3075/2919168122_07a12e2c3d.jpg
Img_069_0310.jpg,https://farm6.staticflickr.com/5711/23487424686_26b43f3bdf.jpg
Img_069_0311.jpg,https://farm5.staticflickr.com/4440/36679377215_f48172464a.jpg
Img_069_0313.jpg,https://farm8.staticflickr.com/7336/12812944515_8960b1c4ac.jpg
Img_069_0314.jpg,https://farm3.staticflickr.com/2567/3891825117_8bde1f12fb.jpg
Img_069_0315.jpg,https://farm9.staticflickr.com/8231/8385721878_97201e2db8.jpg
Img_069_0316.jpg,https://farm4.staticflickr.com/3826/9012501672_9a24830467.jpg
Img_069_0318.jpg,https://farm3.staticflickr.com/2295/2457015226_b1d87e8c59.jpg
Img_069_0319.jpg,https://farm6.staticflickr.com/5475/12301399054_065848830f.jpg
Img_069_0320.jpg,https://farm4.staticflickr.com/3881/14278482030_6ffde55c21.jpg
Img_069_0321.jpg,https://farm8.staticflickr.com/7363/12320364503_1d0b1f27fe.jpg
Img_069_0322.jpg,https://farm9.staticflickr.com/8383/8540261928_737322ecf3.jpg
Img_069_0323.jpg,https://farm5.staticflickr.com/4017/4617373133_54cccd9fcd.jpg
Img_069_0324.jpg,https://farm4.staticflickr.com/3162/2804381496_9c1d568081.jpg
Img_069_0325.jpg,https://farm6.staticflickr.com/5514/12288477443_8384d7a988.jpg
Img_069_0326.jpg,https://farm8.staticflickr.com/7400/27501738166_3c301d0e58.jpg
Img_069_0327.jpg,https://farm8.staticflickr.com/7025/6839216033_cf20da3d17.jpg
Img_069_0328.jpg,https://farm9.staticflickr.com/8729/16653999398_038fa16439.jpg
Img_069_0329.jpg,https://farm5.staticflickr.com/4013/4549598341_b49198b000.jpg
Img_069_0330.jpg,https://farm2.staticflickr.com/1617/25779108260_fe51ebcaa0.jpg
Img_069_0331.jpg,https://farm5.staticflickr.com/4095/4914734419_c85a0d8c55.jpg
Img_069_0332.jpg,https://farm8.staticflickr.com/7300/12736851314_2a3aa05667.jpg
Img_069_0334.jpg,https://farm8.staticflickr.com/7701/17173912105_bf16cafa68.jpg
Img_069_0335.jpg,https://farm5.staticflickr.com/4120/4797055099_0dfaefb591.jpg
Img_069_0336.jpg,https://farm4.staticflickr.com/3690/12786975225_1903856a0d.jpg
Img_069_0337.jpg,https://farm8.staticflickr.com/7175/6839217053_40d9107d1e.jpg
Img_069_0338.jpg,https://farm8.staticflickr.com/7120/6982228992_97464ca392.jpg
Img_069_0339.jpg,https://farm4.staticflickr.com/3511/3259567463_7cd7abd4c6.jpg
Img_069_0340.jpg,https://farm9.staticflickr.com/8471/8404255003_50eae167a8.jpg
Img_069_0341.jpg,https://farm8.staticflickr.com/7332/12312298865_745a2147be.jpg
Img_069_0342.jpg,https://farm6.staticflickr.com/5487/12319757945_8aec02c01c.jpg
Img_069_0343.jpg,https://farm4.staticflickr.com/3814/12763202055_30bd2e0850.jpg
Img_069_0344.jpg,https://farm3.staticflickr.com/2930/13825254034_4a5441e2d1.jpg
Img_069_0345.jpg,https://farm3.staticflickr.com/2844/10927983566_b269daea70.jpg
Img_069_0346.jpg,https://farm8.staticflickr.com/7442/12313724163_1224029cb2.jpg
Img_069_0347.jpg,https://farm5.staticflickr.com/4095/4909986668_f6bb171f02.jpg
Img_069_0348.jpg,https://farm4.staticflickr.com/3687/12771562203_c9c318c87a.jpg
Img_069_0349.jpg,https://farm8.staticflickr.com/7407/12946255114_fb147349a3.jpg
Img_069_0350.jpg,https://farm4.staticflickr.com/3905/14318587878_ac6413320f.jpg
Img_069_0351.jpg,https://farm3.staticflickr.com/2860/12742418284_8bfe751868.jpg
Img_069_0352.jpg,https://farm8.staticflickr.com/7360/12359231795_381a87942c.jpg
Img_069_0353.jpg,https://farm3.staticflickr.com/2945/15365396922_755ee886e6.jpg
Img_069_0354.jpg,https://farm7.staticflickr.com/6013/6006007811_e6307346bd.jpg
Img_069_0355.jpg,https://farm8.staticflickr.com/7241/7285183336_4e17b51329.jpg
Img_069_0356.jpg,https://farm3.staticflickr.com/2506/4149179129_d7e4053e3a.jpg
Img_069_0357.jpg,https://farm2.staticflickr.com/1436/5145419121_b53dda7508.jpg
Img_069_0359.jpg,https://farm5.staticflickr.com/4030/4680412532_aafbf26ab8.jpg
Img_069_0360.jpg,https://farm3.staticflickr.com/2927/32760841904_0372729c75.jpg
Img_069_0361.jpg,https://farm3.staticflickr.com/2844/12897961314_854a2fcaed.jpg
Img_069_0362.jpg,https://farm3.staticflickr.com/2841/12315874054_76fe6239f1.jpg
Img_069_0363.jpg,https://farm3.staticflickr.com/2812/11048107116_596673b950.jpg
Img_069_0364.jpg,https://farm3.staticflickr.com/2906/14132532827_77620eabe9.jpg
Img_069_0365.jpg,https://farm6.staticflickr.com/5547/12299752046_cbf9f172e2.jpg
Img_069_0366.jpg,https://farm4.staticflickr.com/3707/12357834784_4a521927c4.jpg
Img_069_0367.jpg,https://farm6.staticflickr.com/5531/9114216762_58968edc9f.jpg
Img_069_0368.jpg,https://farm4.staticflickr.com/3785/8902109637_10dabaf07c.jpg
Img_069_0369.jpg,https://farm4.staticflickr.com/3797/8917949203_c3a1f3eed8.jpg
Img_069_0370.jpg,https://farm5.staticflickr.com/4025/4670938048_07edde619f.jpg
Img_069_0371.jpg,https://farm3.staticflickr.com/2872/12342587945_a700c70e1d.jpg
Img_069_0372.jpg,https://farm6.staticflickr.com/5298/5684956795_c9fac0025d.jpg
Img_069_0373.jpg,https://farm3.staticflickr.com/2817/11992812526_288a33d903.jpg
Img_069_0374.jpg,https://farm8.staticflickr.com/7173/6453067313_a86b00ce20.jpg
Img_069_0375.jpg,https://farm4.staticflickr.com/3115/4558610465_ab81ef204a.jpg
Img_069_0376.jpg,https://farm4.staticflickr.com/3420/3381601824_f22f7425ea.jpg
Img_069_0377.jpg,https://farm4.staticflickr.com/3018/3047001770_510eba3387.jpg
Img_069_0378.jpg,https://farm4.staticflickr.com/3689/12375230704_66298fa9c7.jpg
Img_069_0379.jpg,https://farm5.staticflickr.com/4005/4526734509_2189f13604.jpg
Img_069_0380.jpg,https://farm4.staticflickr.com/3606/3321571072_b519614043.jpg
Img_069_0381.jpg,https://farm8.staticflickr.com/7407/12315376364_a27c12b681.jpg
Img_069_0383.jpg,https://farm8.staticflickr.com/7346/12304745863_77a1ee546f.jpg
Img_069_0384.jpg,https://farm8.staticflickr.com/7438/12320669754_7f8be2aca3.jpg
Img_069_0385.jpg,https://farm2.staticflickr.com/1638/24862622809_428e08b9bc.jpg
Img_069_0386.jpg,https://farm7.staticflickr.com/6047/6304477378_5a252c113d.jpg
Img_069_0387.jpg,https://farm1.staticflickr.com/113/260922797_b6566a5800.jpg
Img_069_0388.jpg,https://farm2.staticflickr.com/1126/4724835872_6e5b83ac22.jpg
Img_069_0389.jpg,https://farm8.staticflickr.com/7030/6839216825_e77104679a.jpg
Img_069_0390.jpg,https://farm3.staticflickr.com/2249/2203179022_078cff8d8e.jpg
Img_069_0391.jpg,https://farm8.staticflickr.com/7457/12298494215_b570e06d73.jpg
Img_069_0392.jpg,https://farm6.staticflickr.com/5496/12811934223_bcd707b4f9.jpg
Img_069_0393.jpg,https://farm8.staticflickr.com/7395/12738486264_7c9ff35ff3.jpg
Img_069_0394.jpg,https://farm6.staticflickr.com/5499/12815293554_79e14b9041.jpg
Img_069_0395.jpg,https://farm6.staticflickr.com/5508/12355598915_c5300ac49d.jpg
Img_069_0396.jpg,https://farm8.staticflickr.com/7208/6822504492_b2755d8aa4.jpg
Img_069_0397.jpg,https://farm2.staticflickr.com/1468/24018620802_0b60371c15.jpg
Img_069_0398.jpg,https://farm5.staticflickr.com/4022/4656509848_85503a8519.jpg
Img_069_0399.jpg,https://farm6.staticflickr.com/5472/11923801704_243e3d670b.jpg
Img_069_0400.jpg,https://farm3.staticflickr.com/2720/5726188098_90fc3b8fdf.jpg
Img_069_0401.jpg,https://farm5.staticflickr.com/4107/5003243622_cdf0a81d04.jpg
Img_069_0402.jpg,https://farm7.staticflickr.com/6084/6068857471_ff2bffa95d.jpg
Img_069_0404.jpg,https://farm8.staticflickr.com/7295/12357730114_f28b026455.jpg
Img_069_0405.jpg,https://farm6.staticflickr.com/5116/14296023436_9b4833a743.jpg
Img_069_0406.jpg,https://farm9.staticflickr.com/8620/15221841984_941e3bf8f2.jpg
Img_069_0407.jpg,https://farm7.staticflickr.com/6193/6076635748_0420a35782.jpg
Img_069_0408.jpg,https://farm8.staticflickr.com/7346/12303233965_ec67f0b1a5.jpg
Img_069_0409.jpg,https://farm6.staticflickr.com/5747/20374058213_32f05f035a.jpg
Img_069_0410.jpg,https://farm3.staticflickr.com/2434/3624002016_dedf32e78f.jpg
Img_069_0411.jpg,https://farm8.staticflickr.com/7298/12676554504_d92402567d.jpg
Img_069_0412.jpg,https://farm8.staticflickr.com/7388/12299245614_f482afaf26.jpg
Img_069_0413.jpg,https://farm2.staticflickr.com/1311/1183056244_019bcb8d95.jpg
Img_069_0414.jpg,https://farm7.staticflickr.com/6074/6076636350_1356a3c3d3.jpg
Img_069_0415.jpg,https://farm1.staticflickr.com/56/180556655_d54e9e70b0.jpg
Img_069_0416.jpg,https://farm4.staticflickr.com/3752/12313067834_d3c75f4fa0.jpg
Img_069_0417.jpg,https://farm3.staticflickr.com/2867/12736394195_377668a369.jpg
Img_069_0418.jpg,https://farm6.staticflickr.com/5720/23429884379_be7608375a.jpg
Img_069_0420.jpg,https://farm3.staticflickr.com/2866/12312795644_85c9f0e155.jpg
Img_069_0423.jpg,https://farm4.staticflickr.com/3832/12788420093_a6b5abc423.jpg
Img_069_0425.jpg,https://farm1.staticflickr.com/35/102076085_7b449cd6fc.jpg
Img_069_0426.jpg,https://farm2.staticflickr.com/1568/23767092899_99cc587639.jpg
Img_069_0427.jpg,https://farm2.staticflickr.com/1610/24277700474_23273f8d82.jpg
Img_069_0428.jpg,https://farm5.staticflickr.com/4185/33483308134_4fb8ebb9a0.jpg
Img_069_0429.jpg,https://farm6.staticflickr.com/5500/12333070103_bed67841dc.jpg
Img_069_0430.jpg,https://farm6.staticflickr.com/5680/30341933873_d8a49a30e5.jpg
Img_069_0432.jpg,https://farm2.staticflickr.com/1672/24787908362_d462573098.jpg
Img_069_0433.jpg,https://farm4.staticflickr.com/3821/12323947653_ee6ea2b5bd.jpg
Img_069_0434.jpg,https://farm3.staticflickr.com/2886/12320121603_34afcf57da.jpg
Img_069_0436.jpg,https://farm4.staticflickr.com/3798/12298703895_b370a7c910.jpg
Img_069_0437.jpg,https://farm8.staticflickr.com/7443/12791168955_0762d1b056.jpg
Img_069_0438.jpg,https://farm9.staticflickr.com/8323/28951047912_c43e1d690b.jpg
Img_069_0439.jpg,https://farm8.staticflickr.com/7441/12341466953_37642b23ec.jpg
Img_069_0440.jpg,https://farm2.staticflickr.com/1533/26104440264_7bcb30964c.jpg
Img_069_0441.jpg,https://farm2.staticflickr.com/1670/26104440344_3054e9f1fc.jpg
Img_069_0442.jpg,https://farm9.staticflickr.com/8582/28795828322_8c907bea69.jpg
Img_069_0444.jpg,https://farm3.staticflickr.com/2832/11098538546_afb1f8e665.jpg
Img_069_0446.jpg,https://farm1.staticflickr.com/666/21784547804_df02518636.jpg
Img_069_0447.jpg,https://farm3.staticflickr.com/2886/12798440234_226982d6df.jpg
Img_069_0448.jpg,https://farm8.staticflickr.com/7392/12352798685_7bc96d2f57.jpg
Img_069_0454.jpg,https://farm8.staticflickr.com/7375/12319194575_08a4c3ac3d.jpg
Img_069_0455.jpg,https://farm8.staticflickr.com/7339/12318332105_cfda323472.jpg
Img_069_0458.jpg,https://farm4.staticflickr.com/3814/12465213545_d47a5e21fe.jpg
Img_069_0459.jpg,https://farm8.staticflickr.com/7277/27952760342_63295a2dc8.jpg
Img_069_0460.jpg,https://farm1.staticflickr.com/592/23415244281_0aaef8e512.jpg
Img_069_0461.jpg,https://farm8.staticflickr.com/7353/26694841690_a22d9557e9.jpg
Img_069_0467.jpg,https://rabbitcancook.files.wordpress.com/2012/09/gimbap-pieces.jpg
Img_069_0468.jpg,http://www.maangchi.com/wp-content/uploads/2014/08/gimbap.jpg
Img_069_0469.png,http://chedaol.com/images/sub/gimbap11.png
Img_069_0471.jpg,http://recipe.ezmember.co.kr/cache/recipe/2016/11/02/91ec3f6b07a3ebd7d282ccc57d7396b31.jpg
Img_069_0472.jpg,http://cfile201.uf.daum.net/image/1643171649E7D59352041D
Img_069_0473.jpg,http://d12j2a1lojadgg.cloudfront.net/wp-content/uploads/photo-gallery/18.jpg
Img_069_0474.jpg,http://www.jinsukimbap.com/uploads/wwh1411002/201506/e52ef756b96f5027bf3177d880a5efc8.JPG?t=14e2da9c4cc
Img_069_0475.jpg,http://blogthumb2.naver.net/20160418_192/condolzzang_1460987003162BU5tb_JPEG/%B1%E8%B9%E4.jpg?type=w2
Img_069_0476.jpg,http://www.gimgane.co.kr/board/data/file/menu/1932126099_ARFK3Ujv_EBA9B8ECB998EAB2ACEAB3BCEBA598EAB980EBB0A5.jpg
Img_069_0477.jpg,http://recipe.ezmember.co.kr/cache/recipe/2015/06/22/c1ab54ac0926abd86504d026694caa00.jpg
Img_069_0478.jpg,http://cfile23.uf.tistory.com/image/142BC03950EA66FE363A96
Img_069_0479.jpg,http://mblogthumb3.phinf.naver.net/20160108_54/hobaragi201_1452237587408Gzz5z_JPEG/028.JPG?type=w2
Img_069_0480.jpg,http://anh.eva.vn/upload/4-2014/images/2014-11-10/1415594172-nhung-mon-an-han-gimbap-1.jpg
Img_069_0481.jpg,http://recipe.ezmember.co.kr/cache/recipe/2015/04/04/0461907459756bc3a56472da407a1a9d1.jpg
Img_069_0482.jpg,http://www.riceheaven.net/data/goodsImages/GOODS1_1459820862
Img_069_0483.jpg,http://img.yonhapnews.co.kr/photo/cms/2012/03/12/01/C0A8CA3D0000013644E12610008A056_P2.jpeg
Img_069_0484.jpg,http://www.gimgane.co.kr/board/data/file/menu/1935589796_GVPZpM3l_EBA7A4ECBDA4ECA09CEC9CA1EAB980EBB0A5.jpg
Img_069_0485.jpg,http://www.gimgane.co.kr/board/data/file/menu/1935589795_YuVHg1Ts_EBA9B8ECB694EAB980EBB0A5.jpg
Img_069_0486.jpg,http://food.chosun.com/site/data/img_dir/2013/10/07/2013100701705_0.jpg
Img_069_0487.jpg,http://www.gimgane.co.kr/board/data/file/menu/1935589795_afscgN0k_EAB980EAB080EB84A4EAB980EBB0A5_EC8B9CEAB888ECB998_.jpg
Img_069_0488.jpg,http://cphoto.asiae.co.kr/listimglink/6/2013092714473335053_1.jpg
Img_069_0489.jpg,http://m.jungsungman.com/site_data/food_mst/1464828522_0oQCx3Bi_food13.jpg
Img_069_0490.jpg,http://cfile214.uf.daum.net/image/016D5D44507A2117112D14
Img_069_0491.jpg,https://www.menupan.com/common/service/img_proxy.asp?src=http%3A%2F%2Fpostfiles16.naver.net%2F20140621_95%2Fmisarang75_1403276844166k6Tqk_JPEG%2FIMG_0488.JPG%3Ftype%3Dw2
Img_069_0492.jpg,http://www.jinsukimbap.com/uploads/wwh1411002/201506/f07c74aa18ca7c7f17b4df8394025c6e.JPG?t=14e2dc1c4df
Img_069_0493.jpg,http://www.gosura.co.kr/data/file/food01/1935599802_zQ8dr0qW_4082b1cb6b3be21a906b7386e17319533a2f2e1b.jpg
Img_069_0494.jpg,https://pbs.twimg.com/profile_images/738299556039790592/81or7MJi.jpg
Img_069_0495.jpg,http://dhcdn.design.co.kr/cms/img/2014/09/M.1409733282.8668.3.jpg
Img_069_0496.jpg,http://tong.visitkorea.or.kr/cms/resource/40/1912440_image2_1.jpg
Img_069_0497.jpg,http://www.gimgane.co.kr/board/data/file/menu/1932126099_DnYyXrgk_EC8AA4ED8CB8EAB980EBB0A5.jpg
Img_069_0498.jpg,http://cfile24.uf.tistory.com/image/24402C335705C1AE0B6FD0
Img_069_0499.jpg,https://i.ytimg.com/vi/1jeQjU_TUFE/hqdefault.jpg
Img_069_0500.jpg,http://t1.daumcdn.net/liveboard/realfood/6b0efaf4a8224d7fa6635dd316f81733.jpg
Img_069_0501.jpg,http://ssgimbap.com/wp-content/uploads/2016/03/Untitled-1%E1%84%80%E1%85%B5%E1%86%B7%E1%84%87%E1%85%A1%E1%86%B8.png
Img_069_0503.jpg,http://recipe.ezmember.co.kr/cache/recipe/2016/04/22/a485473de535d3c2ff1a26b8e1b862ef1.jpg
Img_069_0504.jpg,http://cfile7.uf.tistory.com/image/21158E3A55FD06972B4D68
Img_069_0505.jpg,https://i.ytimg.com/vi/aZKQgc3eORo/maxresdefault.jpg
Img_069_0506.jpg,http://cfile7.uf.tistory.com/image/25370E48592802B021502D
Img_069_0508.jpg,http://cfile218.uf.daum.net/image/2134513E5704D9BE1D4DAC
Img_069_0510.jpg,http://www.d-deli.co.kr/upload_file/menu/%EC%95%BC%EC%B1%84%EA%B9%80%EB%B0%A5.png
Img_069_0513.jpg,https://media-cdn.tripadvisor.com/media/photo-s/09/30/9d/d6/caption.jpg
Img_069_0516.jpg,http://cfile30.uf.tistory.com/image/221156405423A3D73D6D9E
Img_069_0519.jpg,http://cfile29.uf.tistory.com/image/19503C4150CA65720E9D47
Img_069_0523.jpg,http://www.sommeliertimes.com/news/photo/201705/4987_9723_3627.JPG
Img_069_0525.jpg,http://postfiles16.naver.net/MjAxNzAyMjFfMjc1/MDAxNDg3NjUzNjg4NTc3.TQKQF-bWCG6HJd02zmziii5DiJdMTbnIRaVSBbpFUH0g.mlGzFYpl6ot53eG-0gvdYhz6qrakMQb6dTM5NG_NdLIg.JPEG.nanacook/%EB%AA%85%EB%AC%B8%EA%B9%80%EB%B0%A5_%2810%29.JPG?type=w2
Img_069_0528.jpg,http://cfile221.uf.daum.net/image/266C474C552F617E2AD5BD
Img_069_0533.jpg,http://cfile9.uf.tistory.com/image/202B8B564E37406B0EBB93
Img_069_0534.jpg,https://mp-seoul-image-production-s3.mangoplate.com/184697_1440316565544?fit=around|512:512&crop=512:512;*,*&output-format=jpg&output-quality=80
Img_069_0537.jpg,http://cfile3.uf.tistory.com/image/2627EB3B543349CF27A83C
Img_069_0542.jpg,http://cfile2.uf.tistory.com/image/1141C93E4EB030830B9BED
Img_069_0545.jpg,http://cfs3.tistory.com/upload_control/download.blog?fhandle=YmxvZzg0MTU0QGZzMy50aXN0b3J5LmNvbTovYXR0YWNoLzU3LzU3OTEuanBn
Img_069_0547.jpg,http://img.ezmember.co.kr/cache/board/2012/11/16/7e5afe6e560f2aa17b2d6c797570803f.jpg
Img_069_0600.jpg,https://pbs.twimg.com/profile_images/738299556039790592/81or7MJi.jpg
Img_069_0946.jpg,http://cfile2.uf.tistory.com/image/2072724F515AC7700C8B7A
Img_069_0955.jpg,http://monstergimbap.com/wp-content/uploads/2016/03/01.jpg
Img_069_0956.png,http://031-442-4637.pkt114.com/upload/2016-02-04/031-442-4637_2a.png
Img_069_0957.jpg,http://recipe.ezmember.co.kr/cache/recipe/2015/10/05/043dcd4f69575ef726503b99b128dd421_f.jpg
Img_069_0958.jpg,http://cfile233.uf.daum.net/image/110D0B4650F094D13376F5
Img_069_0959.jpg,http://cfile30.uf.tistory.com/image/111ACC434F56B0312BFED5
Img_069_0960.jpg,http://cfile214.uf.daum.net/image/123A7B464FA5C6440AF495
Img_069_0961.jpg,http://cfile210.uf.daum.net/image/127A30464D3011952166D0
Img_069_0962.jpg,http://1.bp.blogspot.com/-w7uJW1729yg/UYb8_k2enfI/AAAAAAAAAMk/MTXCgmqCLlE/s1600/1359352401_0128_1299.jpg
Img_069_0963.jpg,http://cfile3.uf.tistory.com/image/144CA4424D3D8C711274BA
Img_069_0965.jpg,http://cfile235.uf.daum.net/image/146A183E4D30107A0AF73C
Img_069_0966.jpg,http://postfiles13.naver.net/20101206_188/allcllrp_1291637452304EanPY_JPEG/2.jpg?type=w1
Img_069_0967.jpeg,http://pds.joins.com/news/component/htmlphoto_mmdata/201411/18/htm_20141118125652n120n122.jpg
Img_069_0970.jpg,https://upload.wikimedia.org/wikipedia/commons/thumb/3/3b/1003_chungmugimbap.jpg/220px-1003_chungmugimbap.jpg
Img_069_0971.jpg,http://cfile10.uf.tistory.com/image/252EBE48555558272E43F5
Img_069_0972.jpg,http://cfile239.uf.daum.net/image/264F2A4F525B738D08A3B9
Img_069_0973.jpg,http://cfile215.uf.daum.net/image/2766414554605E5231BED4
Img_069_0974.jpg,http://cfile28.uf.tistory.com/image/276EE34452DD918629612C
Img_069_0977.jpg,http://recipe.ezmember.co.kr/cache/recipe/2015/05/05/47d15b293c44a7f728e7dbd207b881f31_m.jpg
Img_069_0978.JPG,http://www.homecuisine.co.kr/files/attach/images/140/296/008/4be88d40bd1106f7e656a2835749e4ab.JPG
Img_069_0979.jpg,https://3.bp.blogspot.com/-K_9g05ZCfNs/WNVPXY7ks6I/AAAAAAAAVz8/FZdJWSlITlUNlNCeiFNx_JZzbdpjkYhmwCLcB/s1600/5.jpg
Img_069_0980.jpg,http://i1.ruliweb.daumcdn.net/uf/image/U01/ruliweb/56C88A9B457F10000D
Img_069_0981.jpg,http://i1.ruliweb.daumcdn.net/uf/image/U01/ruliweb/56C88A9C461431002C
Img_069_0982.JPG,http://4.bp.blogspot.com/-p6B661ayatU/ThCjjuUxKHI/AAAAAAAACb4/mMwdbXbZ9nc/s1600/DSC01327-2.JPG
Img_069_0983.jpg,http://3.bp.blogspot.com/-zZV8NPmCe4I/UnM4Fmu8BOI/AAAAAAAAChc/6J6OoX8p_Io/s1600/DSC_5125_1.jpg
Img_069_0984.png,http://www.xn--o39as6b55vgzev7h.com/uploadfiles/FGR.png
Img_069_0985.jpg,http://www.menupan.com/restaurant/restimg/000/zzmenuimg/b1022504_z.jpg
Img_069_0986.png,http://image.fmkorea.com/files/attach/new/20151030/486616/64340236/247322782/b3d1d3c054501d8b5a5470f4a4833d2c.png
Img_069_0987.jpg,http://img.ezmember.co.kr/cache/board/2012/05/22/ba14adaee691c1b7363edcf142f95c34.jpg
Img_069_0988.jpg,http://www.bapsim.com/web/product/big/bapsim5620_37.jpg
Img_069_0989.jpg,http://1.bp.blogspot.com/-oLOi_KIyURo/VnQ2AC53E7I/AAAAAAAAuYc/18nQdUHoI2Q/s1600/2.jpg
Img_069_0990.jpg,http://postfiles14.naver.net/20120928_125/baby0817_1348793158868QWJ2A_JPEG/50.jpg?type=w1
Img_069_0993.jpg,http://cdn.cahierdeseoul.com/2012/07/kimbap-cahier-de-seoul10.jpg
Img_069_0994.jpg,http://4.bp.blogspot.com/-k4arBdTSJ3s/UXPfffnCHQI/AAAAAAAALv8/8rXjPefGnO4/s1600/kimbap1.jpg
Img_069_0995.jpg,https://i.ytimg.com/vi/kgBF_cswTu8/maxresdefault.jpg
Img_069_0997.jpg,http://recipe.ezmember.co.kr/cache/recipe/2015/05/13/de8ba6a334bc6c06c358a9d26135c3011_m.jpg
Img_069_0998.jpg,http://recipe.ezmember.co.kr/cache/recipe/2015/06/03/fbf79a8d83e8912fd73420fac921bb761_m.jpg
Img_069_0999.jpg,https://farm5.staticflickr.com/4127/5080644871_d47c7ffaf2.jpg
