Img_072_0000.jpg,http://image.slidesharecdn.com/random-120417215412-phpapp01/95/-1-728.jpg?cb=1334699693
Img_072_0001.jpg,http://ncc.phinf.naver.net/ncc01/2011/11/21/296/01.jpg
Img_072_0002.jpg,http://cfile227.uf.daum.net/image/010F3B4D50EB86C5306BAA
Img_072_0003.jpg,https://farm9.staticflickr.com/8016/7683651496_d065e717bc.jpg
Img_072_0004.jpg,http://image.chosun.com/mz_img/2014/02/0227_3_img1.jpg
Img_072_0005.jpg,http://cfile22.uf.tistory.com/image/02602D3651946E4B1709D0
Img_072_0006.jpg,http://cfile216.uf.daum.net/image/0279E2355136A51C09006D
Img_072_0007.jpg,http://olivem.co.kr/wp-content/uploads/2015/05/0514-bibim4.jpg
Img_072_0009.jpg,http://archive.hansik.org/media/open/nkfood/2013/0725-Yy0TBPvwHF.jpg
Img_072_0010.jpg,http://www.koreadaily.com/_data/article_img/2014/01/13/073932380.jpg
Img_072_0011.jpg,http://media-cache-ak0.pinimg.com/736x/83/84/27/838427daa679724189fef89f6d344568.jpg
Img_072_0012.jpg,http://topclass.chosun.com/news_img/0804/0804_060_5.jpg
Img_072_0013.jpg,http://4.bp.blogspot.com/-oeTASdQ2Ds8/USizgzQ0jVI/AAAAAAAARLM/WOWIOGK4Cog/s1600/1.jpg
Img_072_0015.jpg,http://www.jeonjoo.co.kr/data/admin/board_upload/24/images/10eb2b3021c9b792ad5462ee16a86db9.jpg
Img_072_0016.jpg,http://cfile201.uf.daum.net/image/110B10594E4DB71B240B67
Img_072_0017.jpg,https://scontent.cdninstagram.com/hphotos-xaf1/t51.2885-15/e15/11372130_809070879161273_717934628_n.jpg
Img_072_0018.jpg,https://scontent.cdninstagram.com/hphotos-xaf1/t51.2885-15/s640x640/e35/sh0.08/11430328_949186281791507_2147170058_n.jpg
Img_072_0019.jpg,http://cfile207.uf.daum.net/image/1176E134500D01ED308532
Img_072_0020.jpg,http://foody.co.kr/v2/editor/uploaded/img/1209369689.jpg
Img_072_0021.jpg,http://cfile208.uf.daum.net/image/120FFD584D59E486181CA9
Img_072_0022.jpg,http://www.doopedia.co.kr/_upload/image/1210/10/121010018008102/121010018008102_thumb_400.jpg
Img_072_0024.jpg,http://i1.w.hjfile.cn/doc/201008/1222297251.jpg
Img_072_0025.jpg,http://cfile226.uf.daum.net/image/1239DD234CDE118C1F52E9
Img_072_0026.jpg,http://cfile227.uf.daum.net/image/1239DD234CDE118F286E88
Img_072_0027.jpg,http://cfile30.uf.tistory.com/image/124BB6344C91F6C0372F43
Img_072_0028.jpg,http://cfile1.uf.tistory.com/image/126022414D81C8451B7598
Img_072_0029.gif,http://www.love.jeju.kr/data_file/lovejeju/guide/mun/201303/130319090859.53.gif
Img_072_0030.jpg,http://cfile202.uf.daum.net/image/13150D474F5537BC311107
Img_072_0032.jpg,http://cdn1.findshop.co.kr/image/summary/13354278711225.jpg
Img_072_0033.jpg,http://www.foody.co.kr/v2/upload_board/1363346362.jpg
Img_072_0034.jpg,https://www.ourhometfs.co.kr/file/recom_menu/20130417/1366184124923.jpg
Img_072_0035.jpg,https://www.ourhometfs.co.kr/file/recom_menu/20130418/1366287035887.jpg
Img_072_0036.jpg,http://cfile235.uf.daum.net/image/1367A1144CFDB9FF203965
Img_072_0037.jpg,https://www.ourhometfs.co.kr/file/my_recipe/20130619/1371651575301.jpg
Img_072_0038.jpg,http://cfile218.uf.daum.net/image/137DE04D5004B96F088785
Img_072_0039.jpg,http://www.smlounge.co.kr/old_data/mlounge/contents/data/article/138061877480973.jpg
Img_072_0040.jpg,http://www.smlounge.co.kr/old_data/mlounge/contents/data/article/138140585699762.jpg
Img_072_0041.jpg,http://tong.visitkorea.or.kr/upload/traveli/fileup/1382787582511.jpg
Img_072_0042.jpg,http://tong.visitkorea.or.kr/upload/traveli/fileup/1382787714661.jpg
Img_072_0043.jpg,http://www.ourhometfs.co.kr/file/recom_menu/20140808/1407479764848.jpg
Img_072_0046.jpg,https://www.neoanime.co.kr/./files/attach/images/111/143/162/005/fbbcf9cb784c5928232fcf1d307ea42c.jpg
Img_072_0049.jpg,http://www.ourhomehospitality.com/hos_img/1422782557975.jpg
Img_072_0050.jpg,http://cfile232.uf.daum.net/image/1430231A4A9C85FC33A26B
Img_072_0051.jpg,https://www.ourhometfs.co.kr/file/my_recipe/20150622/1434949946401.jpg
Img_072_0053.jpg,http://cfile236.uf.daum.net/image/143ED6414FC8D409407BDB
Img_072_0054.jpg,http://cfile208.uf.daum.net/image/144F6B355048377706CA94
Img_072_0056.jpg,http://kocis.go.kr/CONTENTS/BOARD/images/150430_Milan_Expo_1.jpg
Img_072_0057.jpg,http://cfile232.uf.daum.net/image/1510173B4D435D5A17061E
Img_072_0059.jpg,http://cfile205.uf.daum.net/image/121D9E4A4F5DF61911662F
Img_072_0061.jpg,http://cfile28.uf.tistory.com/image/1605D94A4D52256611705F
Img_072_0062.jpg,http://cfile201.uf.daum.net/image/163805464DFF3B3E0B877B
Img_072_0063.jpg,http://cfile22.uf.tistory.com/image/16385D1C4BF1B9A327899F
Img_072_0064.jpg,http://cfile232.uf.daum.net/image/165AC0014B4952E30C8E48
Img_072_0066.jpg,http://cfile235.uf.daum.net/image/1741C64C4F77070C1BC303
Img_072_0069.jpg,https://scontent.cdninstagram.com/hphotos-xap1/t51.2885-15/e15/1799721_750793918379731_295027611_n.jpg
Img_072_0070.jpg,http://cfile217.uf.daum.net/image/1802D53A4F0AB6AB0DC00E
Img_072_0071.jpg,http://cfile7.uf.tistory.com/image/181F5F5A4E1490D72917AE
Img_072_0073.jpg,http://cfile4.uf.tistory.com/image/1837BE1A4BF1BA073FC918
Img_072_0074.jpg,http://cfile24.uf.tistory.com/image/1867C00F4A0AEFC5284F09
Img_072_0075.jpg,http://cfile225.uf.daum.net/image/186F28364E43D790045E07
Img_072_0076.jpg,http://cfile10.uf.tistory.com/image/18714C434F0971BC29B0C1
Img_072_0077.jpg,http://cfile236.uf.daum.net/image/1920421F4CDE11D7335197
Img_072_0080.jpg,http://cfile3.uf.tistory.com/image/194A383A4D0715121A2B5B
Img_072_0081.jpg,http://recipe.ezmember.co.kr/cache/recipe/2015/08/04/0bc9414881ce0206d693276591c4c1841.jpg
Img_072_0082.jpg,http://static.news.zum.com/images/43/2012/08/29/200428954.jpg
Img_072_0083.jpg,http://www.chosun.com/media/photo/news/200604/200604050347_04.jpg
Img_072_0084.jpg,http://contents.dt.co.kr/images/200710/2007102602012269718001.jpg
Img_072_0085.jpg,http://www.shinmoongo.net/imgdata/shinmoongo_net/201001/2010011053527685.jpg
Img_072_0086.jpg,http://health.chosun.com/site/data/img_dir/2010/02/18/2010021801040_0.jpg
Img_072_0087.jpg,http://image2.aving.net/2011/01/12/20110112135746200.jpg
Img_072_0088.jpg,http://newsplus.chosun.com/site/data/img_dir/2012/03/02/2012030200879_3.jpg
Img_072_0089.jpg,http://cphoto.asiae.co.kr/listimglink/6/2012061019334266990_1.jpg
Img_072_0091.jpg,http://photo.jtbc.joins.com/news/2012/07/02/20120702155902378.jpg
Img_072_0092.jpg,http://health.chosun.com/site/data/img_dir/2012/12/21/2012122101558_1.jpg
Img_072_0093.jpg,http://www.cococ.co.kr/upload/theme/c_img/20130917183714610106.jpg
Img_072_0094.jpg,http://cfile230.uf.daum.net/image/2013823B4D435D5A1749C2
Img_072_0095.jpg,http://heraldk.com/wp-content/uploads/2014/01/20140113000379_0.jpg
Img_072_0097.jpg,http://www.momonews.com/imgdata/momonews_com/201410/2014101708568986.jpg
Img_072_0098.jpg,http://cfile8.uf.tistory.com/image/2518784E51FE5F6B22BAB6
Img_072_0099.jpg,http://postfiles9.naver.net/20160321_280/mijinkim80_1458527108234O5e5P_JPEG/2016-03-19_14.45.18-044.jpg?type=w2
Img_072_0101.jpg,http://img.tf.co.kr/article/home/2016/03/10/20168401457597389.jpg
Img_072_0104.jpg,http://image.lottesuper.co.kr/static-root/fileupload/recipe/201305/20_500.jpg
Img_072_0105.jpg,http://cfile27.uf.tistory.com/image/2123A743539949FD22FDCD
Img_072_0106.jpg,http://cfile9.uf.tistory.com/image/213B8C5051CB39890D5274
Img_072_0107.jpg,http://cfile229.uf.daum.net/image/214B0846557FB99C1E763A
Img_072_0108.jpg,http://cfile204.uf.daum.net/image/2152DE4D53EC363532B784
Img_072_0111.jpg,https://upload.wikimedia.org/wikipedia/commons/thumb/f/f5/Korean.food-Bibimbap-02.jpg/220px-Korean.food-Bibimbap-02.jpg
Img_072_0112.jpg,http://cfile239.uf.daum.net/image/2308443551AB58A4081DCD
Img_072_0113.jpg,http://cfile21.uf.tistory.com/image/2332AE3E5386E16501703A
Img_072_0114.jpg,http://cfile1.uf.tistory.com/image/233DF93655EFE7972AEFAB
Img_072_0115.jpg,http://cfile229.uf.daum.net/image/23575C4550CD61741C9861
Img_072_0117.jpg,http://cfile209.uf.daum.net/image/2416AE4A580C15522B2D55
Img_072_0118.jpg,https://farm3.staticflickr.com/2451/3846370412_89ca4d8f1a.jpg
Img_072_0119.jpg,http://cfile28.uf.tistory.com/image/25226E36548ACE1D29F124
Img_072_0120.jpg,http://cfile237.uf.daum.net/image/25427E3F523A1DBD08495F
Img_072_0122.jpg,http://cfile217.uf.daum.net/image/2559A542510C90C41985FC
Img_072_0123.jpg,http://cfile5.uf.tistory.com/image/261C9B47550BCB570C7399
Img_072_0124.jpg,http://cfile5.uf.tistory.com/image/266DBC4F550D5FE6200F48
Img_072_0128.jpg,http://cfile209.uf.daum.net/image/273F6A4A525360691E7708
Img_072_0129.jpg,http://media-cache-ec0.pinimg.com/736x/28/d7/bf/28d7bf0ca26ddfa6886c386c88f796ad.jpg
Img_072_0131.jpg,http://i.imgur.com/EfnsHXm.jpg
Img_072_0132.jpg,http://www.mokpomenu.com/data/file/board1/3718039670_59610b1d_C5A9B1E2BAAFC8AF_C7D4C6F2%2BC0B0C8B8BAF1BAF6B9E4.jpg
Img_072_0133.jpg,http://tong.visitkorea.or.kr/ktobiz/images/popup/3_poster.jpg
Img_072_0134.jpg,http://blogthumb2.naver.net/20150928_175/chaihyoun_14434197143508B6aU_JPEG/4.jpg?type=w2
Img_072_0136.jpg,http://farm5.static.flickr.com/4082/4795460198_197d8b7acc_o.jpg
Img_072_0137.jpg,http://img.ezday.co.kr/cache/board/2009/03/19/4897be24b66a3c6e43d8cabc3003aa02.jpg
Img_072_0139.jpg,http://postfiles7.naver.net/20120517_214/baby0817_1337234424578qGAPP_JPEG/52.jpg?type=w1
Img_072_0140.jpg,http://kculture.or.kr/files/symbol/52_v.jpg
Img_072_0141.jpg,http://artinsight.co.kr/n_news/peg/1405/55dc2d5c770a261f0bb84990bbe05d2f_9JXKsrC5QiLvSr.jpg
Img_072_0142.jpg,http://i1.media.daumcdn.net/uf/image/U01/agora/5806BAB13974070022
Img_072_0143.jpg,http://img.ezday.co.kr/cache/board/blogex/2009/05/29/58375220347703c4b54d42121af1e546.jpg
Img_072_0144.jpg,http://enjoyenglish.co.kr/files/attach/images/158921/846/548/5a2e8b76f3374cc889b76e3ce8cc4772.jpg
Img_072_0145.JPG,http://www.jbpension.co.kr/files/attach/images/187/172/002/5b593550a31a91707ea96fc63b15760f.JPG
Img_072_0146.jpg,https://c1.staticflickr.com/7/6240/6238085047_876f067322_b.jpg
Img_072_0147.jpg,http://img.lifestyler.co.kr/uploads/lifestyler/2014/6/635388849633687559.jpg
Img_072_0148.JPG,http://mynh.nonghyup.com/Upload/Images/Data/635481979694655802.JPG
Img_072_0149.jpg,http://postfiles15.naver.net/20121119_222/wine59_13532799477457Vm8u_JPEG/7.jpg?type=w1
Img_072_0150.jpg,http://magazine.hankyung.com/magazinedata/images/photo/201111/700b6016b692b29492fb4947f96d23b1.jpg
Img_072_0151.jpg,http://www.onkweather.com/data/file/report2/751590529_nXRa3yId_C0FCC1D6BAF1BAF6B9E4.jpg
Img_072_0152.jpg,https://s-media-cache-ak0.pinimg.com/originals/7a/af/66/7aaf66e9ce5b7391b9c8b3a092f3f680.jpg
Img_072_0153.jpg,http://cfile24.uf.tistory.com/image/262D7C4E53DF81460C91CF
Img_072_0155.jpg,http://www.popco.net/zboard/data/mobile_forum/2015/07/07/896285829559acbb38f956.jpg
Img_072_0156.jpg,http://www.seongseo.ms.kr/upload/2013/11/04/89a7dcec75b85644ce112d5de69ebd1c.jpg
Img_072_0157.jpg,http://blogthumb2.naver.net/data35/2008/6/18/279/8_banana365.jpg?type=w2
Img_072_0159.jpg,http://4.bp.blogspot.com/-opkM5V51N5w/T9LfT5p-dlI/AAAAAAAAODM/_gfz-DGOcVQ/s1600/Asiana+Cabin+Service+Meal+flight+attendant_2.jpg
Img_072_0160.jpg,https://pbs.twimg.com/media/B-F_GzRCcAEaN_r.jpg
Img_072_0161.JPG,http://blogthumb2.naver.net/20150612_158/bigstar0618_1434086673891M8oP2_JPEG/DSC04594.JPG?type=w2
Img_072_0162.jpg,http://postfiles12.naver.net/20110320_123/jykim575_1300621349572b32rW_JPEG/DSCN1865.jpg?type=w2
Img_072_0163.JPG,http://postfiles9.naver.net/20110720_264/kore2_1311126186193Ax6a3_JPEG/IMG_0991.JPG?type=w1
Img_072_0164.jpg,http://www.gajumarketplace.com/Gjmp36/wp-content/uploads/2012/11/M06.jpg
Img_072_0165.jpg,http://pds23.egloos.com/pds/201211/28/08/a0015808_50b5d91b052b9.jpg
Img_072_0166.jpg,http://pds10.egloos.com/pds/200901/12/83/a0016483_496a0a782775c.jpg
Img_072_0167.gif,http://pds24.egloos.com/pds/201202/12/15/a0094415_4f3768d5163ca.gif/
Img_072_0168.jpg,http://pds14.egloos.com/pds/200901/29/02/a0105802_49808bec14f24.jpg
Img_072_0170.jpg,http://img.ezday.co.kr/cache/board/2009/11/05/b548729b1c48dd3018554135f553731c.jpg
Img_072_0171.jpg,http://olive-street.com/wp-content/uploads/2013/12/bibimbab1.jpg
Img_072_0172.jpg,https://cdn.pixabay.com/photo/2015/01/13/06/43/bibimbap-597950_960_720.jpg
Img_072_0173.jpg,http://admin.brainworld.com/Library/FileDown.aspx?filename=2017072020233984375.jpg&filepath=BrainScience
Img_072_0174.jpg,http://chichilicious.com/wp-content/uploads/bibimbap-recipe.jpg
Img_072_0175.jpg,http://cdn.koreaboo.com/wp-content/uploads/2017/04/bibimbap.jpg
Img_072_0177.jpg,http://4.bp.blogspot.com/-geYKZSUbzk8/TmcrKRiihoI/AAAAAAAAAEk/uzzDBEXE2kg/s1600/bimbimbap.jpg
Img_072_0178.jpg,http://www.menupan.com/restaurant/restimg/008/zzmenuimg/h5027885_z.jpg
Img_072_0179.jpg,https://i.ytimg.com/vi/yrBLi1gYCi0/maxresdefault.jpg
Img_072_0180.jpg,http://www.garlicnginger.com/img/menu_items/rice/r2_bibim.jpg
Img_072_0183.jpg,http://recipe.ezmember.co.kr/cache/recipe/2015/05/22/cb6f0f95ec3c5cf56ef7e76e720fd1e11.jpg
Img_072_0185.gif,http://image.ohmynews.com/down/images/1/choch1104_364548_1[630902].gif
Img_072_0186.JPG,http://www.koreahousedallas.com/files/attach/images/20400/439/020/d1fea530fcaad8974440ad5325631c3b.JPG
Img_072_0187.JPG,http://www.homecuisine.co.kr/files/attach/images/140/344/013/d3a61e7f2d31bc6a1b222784027d9e47.JPG
Img_072_0188.png,http://www.njkoreabbq.com/wp-content/uploads/2014/03/dbb.png
Img_072_0189.gif,http://www.sanaeum.com/02sanaeum/images/dol.gif
Img_072_0190.jpg,https://sites.psu.edu/jiyoonpassionblog/wp-content/uploads/sites/21669/2015/04/dolsot-bibimbap.jpg
Img_072_0191.jpg,http://surabbqdallas.com/wp-content/uploads/2014/12/dolsot.jpg
Img_072_0193.jpg,http://pds24.egloos.com/pds/201204/30/93/e0109593_4f9df5c7cde5f.jpg
Img_072_0194.jpg,http://www.82cook.com/imagedb/orig/2012/0717/e05cb4b2b864c411.jpg
Img_072_0195.jpg,http://www.82cook.com/imagedb/orig/2014/0305/0862140324a6b6f0.jpg
Img_072_0196.jpg,http://img.ezmember.co.kr/cache/board/2011/12/07/f943d04a2b78a33ac61c47d1528a1e73.jpg
Img_072_0197.jpg,https://farm5.staticflickr.com/4204/34930131125_92b4dc5c0f.jpg
Img_072_0198.jpg,https://farm4.staticflickr.com/3764/33187226310_342bb69481.jpg
Img_072_0199.jpg,https://farm3.staticflickr.com/2934/13958319613_f7ef0daf4a.jpg
Img_072_0200.jpg,https://farm8.staticflickr.com/7076/7213373840_1132805050.jpg
Img_072_0201.jpg,https://farm3.staticflickr.com/2412/1956878068_6ffe2c3eea.jpg
Img_072_0202.jpg,https://farm3.staticflickr.com/2520/3856694882_35fa0c93f3.jpg
Img_072_0203.jpg,https://farm1.staticflickr.com/253/517727457_ca0ce4c800.jpg
Img_072_0204.jpg,https://farm6.staticflickr.com/5537/9757344332_990556029e.jpg
Img_072_0205.jpg,https://farm8.staticflickr.com/7329/11872257946_74a987e3b0.jpg
Img_072_0206.jpg,https://farm4.staticflickr.com/3180/2984566539_06680cb5a6.jpg
Img_072_0207.jpg,https://farm9.staticflickr.com/8015/7432066764_cdd6496c03.jpg
Img_072_0208.jpg,https://farm2.staticflickr.com/1299/4595126510_d971a2441d.jpg
Img_072_0209.jpg,https://farm8.staticflickr.com/7175/6781796147_43f9fe0e61.jpg
Img_072_0210.jpg,https://farm1.staticflickr.com/621/21893312238_9574c8ea35.jpg
Img_072_0211.jpg,https://farm4.staticflickr.com/3801/9227191973_63fd3969de.jpg
Img_072_0212.jpg,https://farm3.staticflickr.com/2807/9227190117_cb3329caa1.jpg
Img_072_0213.jpg,https://farm4.staticflickr.com/3497/3797768235_76baab41cf.jpg
Img_072_0214.jpg,https://farm3.staticflickr.com/2583/3798585344_a183e2c4b9.jpg
Img_072_0215.jpg,https://farm4.staticflickr.com/3147/2748697117_dd931c42ef.jpg
Img_072_0216.jpg,https://farm3.staticflickr.com/2824/9229973890_f1693dcc24.jpg
Img_072_0217.jpg,https://farm4.staticflickr.com/3010/2748697227_e6ae7a60bc.jpg
Img_072_0218.jpg,https://farm9.staticflickr.com/8361/8286097245_931f0f0953.jpg
Img_072_0219.jpg,https://farm4.staticflickr.com/3840/14561173933_266c7b51e9.jpg
Img_072_0220.jpg,https://farm8.staticflickr.com/7413/10204499875_106110e980.jpg
Img_072_0221.jpg,https://farm4.staticflickr.com/3043/2589068757_b73b812db3.jpg
Img_072_0222.jpg,https://farm3.staticflickr.com/2507/5850284422_38bfdae717.jpg
Img_072_0223.jpg,https://farm3.staticflickr.com/2777/4400147665_2c487e48f1.jpg
Img_072_0224.jpg,https://farm8.staticflickr.com/7112/7444895920_c6143096e5.jpg
Img_072_0225.jpg,https://farm3.staticflickr.com/2731/4188651783_e64146dbf0.jpg
Img_072_0226.jpg,https://farm8.staticflickr.com/7244/7290614694_a34f0a1d0e.jpg
Img_072_0227.jpg,https://farm9.staticflickr.com/8287/7599069426_74d9f4674c.jpg
Img_072_0228.jpg,https://farm5.staticflickr.com/4006/4408389310_0c5aa5267f.jpg
Img_072_0229.jpg,https://farm9.staticflickr.com/8307/7784020284_baac36034c.jpg
Img_072_0230.jpg,https://farm4.staticflickr.com/3921/15051782531_484f0b9a08.jpg
Img_072_0231.jpg,https://farm5.staticflickr.com/4178/34456488376_56fec99e40.jpg
Img_072_0232.jpg,https://farm2.staticflickr.com/1219/1299870694_a8736eca79.jpg
Img_072_0233.jpg,https://farm4.staticflickr.com/3262/3255098301_36a2ee7f13.jpg
Img_072_0234.jpg,https://farm8.staticflickr.com/7737/16743822333_0a7299084f.jpg
Img_072_0235.jpg,https://farm6.staticflickr.com/5344/9317870342_4f99e93c56.jpg
Img_072_0237.jpg,https://farm9.staticflickr.com/8193/8115042760_3b08942490.jpg
Img_072_0238.jpg,https://farm5.staticflickr.com/4195/34761768691_2f02cb7e46.jpg
Img_072_0239.jpg,https://farm8.staticflickr.com/7085/7290607688_ed6eef2d50.jpg
Img_072_0240.jpg,https://farm8.staticflickr.com/7075/7290612450_2af04a73db.jpg
Img_072_0241.jpg,https://farm8.staticflickr.com/7154/6743212499_00c2972a9e.jpg
Img_072_0242.jpg,https://farm5.staticflickr.com/4150/5446029688_b2e78407bd.jpg
Img_072_0243.jpg,https://farm4.staticflickr.com/3817/11200510956_6320620522.jpg
Img_072_0244.jpg,http://www.shinmoongo.net/imgdata/shinmoongo_net/201001/2010011053527685.jpg
Img_072_0245.jpg,https://farm6.staticflickr.com/5531/11937244075_8c2d39646a.jpg
Img_072_0246.jpg,https://farm2.staticflickr.com/1612/25758977753_a961b670cc.jpg
Img_072_0247.jpg,https://farm8.staticflickr.com/7673/17177877159_6b2201a085.jpg
Img_072_0248.jpg,https://farm5.staticflickr.com/4128/4999813105_90fd1629a6.jpg
Img_072_0249.jpg,https://farm9.staticflickr.com/8161/7491445276_f0c39e7d99.jpg
Img_072_0250.jpg,https://farm4.staticflickr.com/3713/10755735575_6e01967087.jpg
Img_072_0251.jpg,https://farm4.staticflickr.com/3690/11954213064_ec9587f8af.jpg
Img_072_0252.jpg,https://farm9.staticflickr.com/8892/17363737721_8ecde4f9ea.jpg
Img_072_0253.jpg,https://farm8.staticflickr.com/7243/7290610526_8bee2d047c.jpg
Img_072_0254.jpg,https://farm8.staticflickr.com/7124/7030823015_0ed80c9634.jpg
Img_072_0255.jpg,https://farm6.staticflickr.com/5530/11937681224_f9563a5842.jpg
Img_072_0256.jpg,https://farm6.staticflickr.com/5224/5879349635_4615b67f61.jpg
Img_072_0257.jpg,https://farm9.staticflickr.com/8751/17364091945_4faeb73e62.jpg
Img_072_0258.jpg,https://farm4.staticflickr.com/3537/3517033963_c010fc93a9.jpg
Img_072_0259.jpg,https://farm8.staticflickr.com/7162/6444718775_4c7a030161.jpg
Img_072_0260.jpg,https://farm5.staticflickr.com/4012/4655058484_0a18920827.jpg
Img_072_0261.jpg,https://farm5.staticflickr.com/4079/4890083392_b7d8d9686d.jpg
Img_072_0262.jpg,https://farm9.staticflickr.com/8333/8346374213_af6d366326.jpg
Img_072_0263.jpg,https://farm3.staticflickr.com/2510/32416084650_51f5afe87f.jpg
Img_072_0264.jpg,https://farm6.staticflickr.com/5124/5226601898_be3d2ae4ea.jpg
Img_072_0265.jpg,https://farm8.staticflickr.com/7531/16090275771_7c5cc718e3.jpg
Img_072_0266.jpg,https://farm8.staticflickr.com/7303/11171660935_ac3fc0a62d.jpg
Img_072_0267.jpg,https://farm8.staticflickr.com/7059/6895730182_cb9d550107.jpg
Img_072_0268.jpg,https://farm4.staticflickr.com/3677/12212957075_172a1a3657.jpg
Img_072_0269.jpg,https://farm8.staticflickr.com/7113/7135237023_8a4ba2ba0d.jpg
Img_072_0270.jpg,https://farm8.staticflickr.com/7231/13535560095_1de1507524.jpg
Img_072_0271.jpg,http://media-cache-ec0.pinimg.com/736x/28/d7/bf/28d7bf0ca26ddfa6886c386c88f796ad.jpg
Img_072_0272.jpg,https://farm5.staticflickr.com/4103/5039172492_5d2dbe929e.jpg
Img_072_0273.jpg,https://farm3.staticflickr.com/2834/33989026650_637c9b19c0.jpg
Img_072_0274.jpg,https://farm5.staticflickr.com/4141/4890077922_b2d84ac0bf.jpg
Img_072_0275.jpg,https://farm9.staticflickr.com/8454/8026503080_dc47897862.jpg
Img_072_0276.jpg,https://farm4.staticflickr.com/3029/2962296749_c571fb4d3a.jpg
Img_072_0277.jpg,https://farm7.staticflickr.com/6011/5900043017_9cc6f9059a.jpg
Img_072_0278.jpg,https://farm5.staticflickr.com/4368/37188351095_ee8f367b63.jpg
Img_072_0279.jpg,https://farm1.staticflickr.com/695/32147668444_76a12a1673.jpg
Img_072_0280.jpg,https://farm3.staticflickr.com/2428/32142705383_8fc1c8be0f.jpg
Img_072_0281.jpg,https://farm4.staticflickr.com/3624/3599560622_f7cc1be1a9.jpg
Img_072_0282.jpg,https://farm4.staticflickr.com/3469/3356405322_57e90e2499.jpg
Img_072_0283.jpg,https://farm8.staticflickr.com/7109/7862332288_47cd7eca8a.jpg
Img_072_0284.jpg,https://farm4.staticflickr.com/3816/33773229342_6dbdf5a440.jpg
Img_072_0285.jpg,https://farm2.staticflickr.com/1622/24377550032_b8215c1cff.jpg
Img_072_0286.jpg,https://farm4.staticflickr.com/3074/2399260733_46d7e32fb2.jpg
Img_072_0287.jpg,https://farm8.staticflickr.com/7275/7862312676_e0f0c7fe04.jpg
Img_072_0288.jpg,https://farm4.staticflickr.com/3839/33237375222_47cf728d08.jpg
Img_072_0289.jpg,https://farm4.staticflickr.com/3731/11946206564_5722db13c8.jpg
Img_072_0290.jpg,https://farm4.staticflickr.com/3526/4003937705_6c16e73690.jpg
Img_072_0291.jpg,https://farm3.staticflickr.com/2708/4361789585_d865db8807.jpg
Img_072_0292.jpg,https://farm1.staticflickr.com/183/439507325_f7189fe117.jpg
Img_072_0293.jpg,https://farm6.staticflickr.com/5218/5399102147_4601837eed.jpg
Img_072_0294.jpg,https://farm3.staticflickr.com/2716/4465095866_a715d52744.jpg
Img_072_0295.jpg,https://farm6.staticflickr.com/5262/29886347002_b1b3212d9c.jpg
Img_072_0296.jpg,https://farm8.staticflickr.com/7678/17176521710_51b9d7025c.jpg
Img_072_0297.jpg,https://farm4.staticflickr.com/3767/9186573323_96863d64d3.jpg
Img_072_0298.jpg,https://farm1.staticflickr.com/681/32590942682_c3cf7c7afd.jpg
Img_072_0299.jpg,https://farm8.staticflickr.com/7186/6884926291_86624ed67b.jpg
Img_072_0300.jpg,https://farm7.staticflickr.com/6179/6206781781_ec57a65159.jpg
Img_072_0301.jpg,https://farm6.staticflickr.com/5039/5804284254_ae3a74a785.jpg
Img_072_0302.jpg,https://farm3.staticflickr.com/2031/2439011131_b4849f0f19.jpg
Img_072_0303.jpg,https://farm4.staticflickr.com/3482/3882960728_fbe5a3f6b5.jpg
Img_072_0304.jpg,https://farm9.staticflickr.com/8059/8199000735_6f8c9c42da.jpg
Img_072_0305.jpg,https://farm5.staticflickr.com/4127/5061633926_d89a125531.jpg
Img_072_0306.jpg,https://farm5.staticflickr.com/4283/35425392151_f80b910d82.jpg
Img_072_0307.jpg,https://farm3.staticflickr.com/2603/3982251790_c321d84f73.jpg
Img_072_0308.jpg,https://farm3.staticflickr.com/2426/4003938195_74b15b4b0e.jpg
Img_072_0309.jpg,https://farm8.staticflickr.com/7618/26820327951_5ab156314f.jpg
Img_072_0310.jpg,https://farm8.staticflickr.com/7147/6800584565_1e7c27f4f3.jpg
Img_072_0311.jpg,https://farm6.staticflickr.com/5133/5399705782_249fc49f8c.jpg
Img_072_0312.jpg,https://farm5.staticflickr.com/4065/4524437681_c32a85fb39.jpg
Img_072_0313.jpg,https://farm1.staticflickr.com/109/282119081_1464c38c9f.jpg
Img_072_0314.jpg,https://farm4.staticflickr.com/3478/4570485737_2ae0bc4b31.jpg
Img_072_0315.jpg,https://farm3.staticflickr.com/2733/4514568784_f399bc56d5.jpg
Img_072_0316.jpg,https://farm8.staticflickr.com/7275/7131712313_8c10b45b6d.jpg
Img_072_0317.jpg,https://farm8.staticflickr.com/7369/9205973097_fa638a8984.jpg
Img_072_0318.jpg,https://farm9.staticflickr.com/8140/29705998930_53091f7b16.jpg
Img_072_0319.jpg,https://farm1.staticflickr.com/742/21611876086_af50d43983.jpg
Img_072_0320.jpg,https://farm4.staticflickr.com/3778/9409498297_a91c643796.jpg
Img_072_0321.jpg,https://farm4.staticflickr.com/3135/3089427979_706e096cbe.jpg
Img_072_0322.jpg,https://farm4.staticflickr.com/3265/2455119633_c030b949c9.jpg
Img_072_0323.jpg,https://farm3.staticflickr.com/2181/2042499481_27402d7ace.jpg
Img_072_0324.jpg,https://farm9.staticflickr.com/8671/15864556701_e4e2ca741c.jpg
Img_072_0325.jpg,https://farm9.staticflickr.com/8016/7683651496_d065e717bc.jpg
Img_072_0326.jpg,https://farm8.staticflickr.com/7072/13183029784_89216fd03a.jpg
Img_072_0327.jpg,https://farm5.staticflickr.com/4093/4762680770_824cd18dc4.jpg
Img_072_0328.jpg,https://farm3.staticflickr.com/2031/2439011017_e5fb7b3890.jpg
Img_072_0329.jpg,https://farm8.staticflickr.com/7568/15915850005_87b1c9a97b.jpg
Img_072_0330.jpg,https://farm5.staticflickr.com/4008/4182070420_9308f59fe7.jpg
Img_072_0331.jpg,https://farm9.staticflickr.com/8276/8767337445_caae534881.jpg
Img_072_0332.jpg,https://farm4.staticflickr.com/3911/14165209528_cb46224900.jpg
Img_072_0333.jpg,https://farm8.staticflickr.com/7566/16184033505_ef676b9308.jpg
Img_072_0334.jpg,https://farm8.staticflickr.com/7007/6769630169_2ab0b04c60.jpg
Img_072_0335.jpg,https://farm3.staticflickr.com/2721/4058868492_20d05d7b44.jpg
Img_072_0336.jpg,https://farm3.staticflickr.com/2112/2246510521_4fb2345890.jpg
Img_072_0337.jpg,https://farm9.staticflickr.com/8074/8297064948_7ba5bd4b2e.jpg
Img_072_0338.jpg,https://farm4.staticflickr.com/3117/2492401772_99b1a28db2.jpg
Img_072_0339.jpg,https://farm4.staticflickr.com/3274/2703706214_acb2eb618c.jpg
Img_072_0340.jpg,https://farm4.staticflickr.com/3270/2763924034_f47a40a85e.jpg
Img_072_0341.jpg,https://farm4.staticflickr.com/3572/3422164199_b28ff731af.jpg
Img_072_0342.jpg,https://farm5.staticflickr.com/4084/4959005556_eb453ff48a.jpg
Img_072_0343.jpg,https://farm6.staticflickr.com/5315/7432969156_79b8311e73.jpg
Img_072_0344.jpg,http://farm5.static.flickr.com/4082/4795460198_197d8b7acc_o.jpg
Img_072_0345.jpg,https://farm8.staticflickr.com/7279/7444891192_071b5a3eef.jpg
Img_072_0346.jpg,https://farm8.staticflickr.com/7533/15634587543_e65f86618c.jpg
Img_072_0347.jpg,https://farm1.staticflickr.com/292/32196424933_c110d96479.jpg
Img_072_0348.jpg,https://farm3.staticflickr.com/2826/13222039384_9b2f88deeb.jpg
Img_072_0349.jpg,https://farm9.staticflickr.com/8388/8674893985_debc521107.jpg
Img_072_0350.jpg,https://farm4.staticflickr.com/3738/9263538286_91ab753378.jpg
Img_072_0351.jpg,https://farm4.staticflickr.com/3046/2905432639_febe979111.jpg
Img_072_0352.jpg,https://farm3.staticflickr.com/2834/11171657155_2ba221ca8d.jpg
Img_072_0353.jpg,https://farm1.staticflickr.com/32/117374318_7a7180eb38.jpg
Img_072_0354.jpg,https://farm6.staticflickr.com/5299/5452732689_2194f91c6d.jpg
Img_072_0355.jpg,https://farm4.staticflickr.com/3023/2911541038_d2796c3499.jpg
Img_072_0356.jpg,https://farm4.staticflickr.com/3920/14820691459_52f3e413e5.jpg
Img_072_0357.jpg,https://farm7.staticflickr.com/6078/6025350288_c3517b7a36.jpg
Img_072_0358.jpg,https://farm8.staticflickr.com/7313/12900078825_85f583bfb1.jpg
Img_072_0359.jpg,https://farm4.staticflickr.com/3008/2838861489_451b558640.jpg
Img_072_0360.jpg,https://farm7.staticflickr.com/6216/6317955337_8ee2abd738.jpg
Img_072_0361.jpg,https://farm2.staticflickr.com/1264/770174527_bcb0e633e5.jpg
Img_072_0362.jpg,https://farm8.staticflickr.com/7270/7468143336_dccf2faee4.jpg
Img_072_0363.jpg,https://farm2.staticflickr.com/1186/4720921086_78d56dcebc.jpg
Img_072_0364.jpg,https://farm9.staticflickr.com/8166/7310119688_b653086ce1.jpg
Img_072_0365.jpg,https://farm1.staticflickr.com/78/189864049_4a85183e0f.jpg
Img_072_0366.jpg,https://farm8.staticflickr.com/7067/6960679799_0638390edc.jpg
Img_072_0367.jpg,https://farm3.staticflickr.com/2021/3538937938_03abcc425f.jpg
Img_072_0368.jpg,https://farm3.staticflickr.com/2424/5726719580_3b1a71bee5.jpg
Img_072_0369.jpg,https://farm6.staticflickr.com/5167/5271557001_1a11fc0c7e.jpg
Img_072_0370.jpg,https://farm4.staticflickr.com/3140/13029894024_67315d287a.jpg
Img_072_0372.jpg,https://farm4.staticflickr.com/3704/13184666475_f67cdda3af.jpg
Img_072_0373.jpg,https://farm6.staticflickr.com/5330/10130507484_5be2440b8f.jpg
Img_072_0374.jpg,https://farm8.staticflickr.com/7328/9099932348_cc23975dec.jpg
Img_072_0375.jpg,https://farm3.staticflickr.com/2820/12162588105_a14fcd707b.jpg
Img_072_0376.jpg,https://farm8.staticflickr.com/7279/7505521010_335523c038.jpg
Img_072_0377.jpg,https://farm3.staticflickr.com/2713/4419214142_b2624ae485.jpg
Img_072_0378.jpg,https://farm3.staticflickr.com/2267/1532196755_bb18710c99.jpg
Img_072_0379.jpg,https://farm5.staticflickr.com/4041/4349125386_e6978f9ed5.jpg
Img_072_0380.jpg,https://farm4.staticflickr.com/3059/2589362324_2601ff0786.jpg
Img_072_0381.jpg,https://farm1.staticflickr.com/75/159935266_86c79d9401.jpg
Img_072_0382.jpg,https://farm6.staticflickr.com/5479/12428652174_225c7372d3.jpg
Img_072_0383.jpg,https://farm7.staticflickr.com/6202/6129099371_0366d4693c.jpg
Img_072_0384.jpg,https://farm3.staticflickr.com/2602/3991724575_1db1802dab.jpg
Img_072_0385.jpg,https://farm4.staticflickr.com/3063/2934163246_1c76541bed.jpg
Img_072_0386.jpg,https://farm5.staticflickr.com/4105/5031931047_62fb23b44e.jpg
Img_072_0387.jpg,https://farm4.staticflickr.com/3876/15191720959_a0997e7724.jpg
Img_072_0388.jpg,https://farm3.staticflickr.com/2649/3982143685_4ca1f100a6.jpg
Img_072_0389.jpg,https://farm3.staticflickr.com/2477/3683527249_50344e637e.jpg
Img_072_0390.jpg,https://farm5.staticflickr.com/4085/5042409738_ddbb60cd5f.jpg
Img_072_0391.jpg,https://farm7.staticflickr.com/6113/6264868667_beeabe3ea6.jpg
Img_072_0392.jpg,https://farm4.staticflickr.com/3573/3650580566_6848557932.jpg
Img_072_0393.jpg,https://farm2.staticflickr.com/1243/589144134_0191edfe77.jpg
Img_072_0394.jpg,https://farm4.staticflickr.com/3718/12163079883_c31b00ea6c.jpg
Img_072_0395.jpg,https://farm4.staticflickr.com/3277/2481596797_308500df5b.jpg
Img_072_0396.jpg,https://farm8.staticflickr.com/7054/6787078428_c9620cfff6.jpg
Img_072_0397.jpg,https://farm6.staticflickr.com/5043/5267468539_e6aa53c577.jpg
Img_072_0398.jpg,https://farm1.staticflickr.com/152/368666283_a15567d4ee.jpg
Img_072_0399.jpg,https://farm8.staticflickr.com/7529/15880929391_d429b2e59e.jpg
Img_072_0400.jpg,https://farm4.staticflickr.com/3716/12745104865_284b3ab182.jpg
Img_072_0401.jpg,https://farm1.staticflickr.com/142/377416513_f432ff61b3.jpg
Img_072_0402.jpg,https://farm6.staticflickr.com/5217/5533939655_b949730655.jpg
Img_072_0403.jpg,https://farm6.staticflickr.com/5738/20778131382_68217031b7.jpg
Img_072_0404.jpg,https://farm8.staticflickr.com/7035/13694513783_e1cddfc26c.jpg
Img_072_0405.jpg,https://farm2.staticflickr.com/1585/24795249273_518ee69ab7.jpg
Img_072_0406.jpg,https://farm8.staticflickr.com/7313/12310604416_f3f3db377e.jpg
Img_072_0407.jpg,https://farm1.staticflickr.com/114/295799555_8c95f49a12.jpg
Img_072_0408.jpg,https://farm6.staticflickr.com/5520/12322094274_83588bd251.jpg
Img_072_0409.jpg,https://farm8.staticflickr.com/7346/12334612605_34889849ab.jpg
Img_072_0410.jpg,https://farm8.staticflickr.com/7399/12737800833_e711ddae2f.jpg
Img_072_0411.jpg,https://farm7.staticflickr.com/6029/5876455243_8d936027b0.jpg
Img_072_0412.jpg,https://farm8.staticflickr.com/7715/17251194052_6eeb75cd06.jpg
Img_072_0413.jpg,https://farm4.staticflickr.com/3709/14267167836_57f57ffd0c.jpg
Img_072_0414.jpg,https://farm2.staticflickr.com/1558/25534338873_1f6bd3c9b7.jpg
Img_072_0415.jpg,https://farm6.staticflickr.com/5800/22969134852_2fd5b1f9eb.jpg
Img_072_0416.jpg,https://farm4.staticflickr.com/3744/12352480304_79104883a3.jpg
Img_072_0417.jpg,https://farm4.staticflickr.com/3758/12742270225_f687ef9bc2.jpg
Img_072_0418.jpg,https://farm4.staticflickr.com/3671/11900218263_ce43a5060b.jpg
Img_072_0419.jpg,https://farm3.staticflickr.com/2661/3869528167_49c304b56f.jpg
Img_072_0420.jpg,https://farm7.staticflickr.com/6090/6076091703_b234b502e0.jpg
Img_072_0421.jpg,https://farm4.staticflickr.com/3686/12949082844_83d1f2e612.jpg
Img_072_0422.jpg,https://farm3.staticflickr.com/2260/2094710578_cb335f7b85.jpg
Img_072_0423.jpg,https://farm4.staticflickr.com/3695/12297561493_e0b4b53e0e.jpg
Img_072_0424.jpg,https://farm4.staticflickr.com/3061/5866236991_d61c050040.jpg
Img_072_0425.jpg,https://farm4.staticflickr.com/3746/12744811225_ce8a814da4.jpg
Img_072_0426.jpg,https://farm7.staticflickr.com/6080/6076628908_765185afd5.jpg
Img_072_0427.jpg,https://farm6.staticflickr.com/5499/12318953014_78e3bf450e.jpg
Img_072_0428.jpg,https://farm5.staticflickr.com/4139/4761317589_7bcc61b22e.jpg
Img_072_0429.jpg,https://farm3.staticflickr.com/2845/9714026331_889bddde44.jpg
Img_072_0430.jpg,https://farm8.staticflickr.com/7325/13891776509_975fd55991.jpg
Img_072_0431.jpg,https://farm4.staticflickr.com/3771/14264077165_2e37f3bfc9.jpg
Img_072_0432.jpg,https://farm4.staticflickr.com/3758/13267513243_d0a2b6f1b1.jpg
Img_072_0433.jpg,https://farm8.staticflickr.com/7106/13734093565_e0e0e50121.jpg
Img_072_0434.jpg,https://farm6.staticflickr.com/5512/14033759599_20326f1479.jpg
Img_072_0435.jpg,https://farm6.staticflickr.com/5196/13733790034_4a951cbd7c.jpg
Img_072_0436.jpg,https://farm4.staticflickr.com/3708/13259280664_64a4f8b6f8.jpg
Img_072_0437.jpg,https://farm4.staticflickr.com/3375/13063582035_2500837cdb.jpg
Img_072_0438.jpg,https://farm8.staticflickr.com/7332/13062751203_3ba4667d33.jpg
Img_072_0439.jpg,https://farm8.staticflickr.com/7321/14140919433_a51b540bf1.jpg
Img_072_0440.jpg,https://farm8.staticflickr.com/7343/12762960064_753945a3bd.jpg
Img_072_0441.jpg,https://farm3.staticflickr.com/2909/13979731924_d70f5ffa6e.jpg
Img_072_0442.jpg,https://farm8.staticflickr.com/7409/12761824463_b741c2f40f.jpg
Img_072_0443.jpg,https://farm3.staticflickr.com/2841/12745956915_66949f4b86.jpg
Img_072_0444.jpg,https://farm4.staticflickr.com/3751/12747824955_1ca134a94a.jpg
Img_072_0445.jpg,https://farm4.staticflickr.com/3744/12744494233_90597e29f7.jpg
Img_072_0446.jpg,https://farm6.staticflickr.com/5516/12289814906_1d983443e8.jpg
Img_072_0447.jpg,https://farm4.staticflickr.com/3674/12302705204_29ca0d207f.jpg
Img_072_0448.jpg,https://farm6.staticflickr.com/5540/12742545033_daae854c66.jpg
Img_072_0449.jpg,https://farm4.staticflickr.com/3762/12743146323_f8df387f2b.jpg
Img_072_0450.jpg,https://farm4.staticflickr.com/3821/12762312775_ecfc1d7185.jpg
Img_072_0451.jpg,https://farm3.staticflickr.com/2837/9406690675_3081f6a7a8.jpg
Img_072_0452.jpg,https://farm3.staticflickr.com/2846/9111736909_98711b03ec.jpg
Img_072_0453.jpg,https://farm4.staticflickr.com/3199/2402753940_59dd1ca409.jpg
Img_072_0454.jpg,https://farm4.staticflickr.com/3269/2504410202_0ffe0a884b.jpg
Img_072_0455.jpg,https://farm4.staticflickr.com/3233/2742852386_c9dc50efdb.jpg
Img_072_0456.jpg,https://farm3.staticflickr.com/2335/1557484927_f9feef09cf.jpg
Img_072_0457.jpg,https://farm4.staticflickr.com/3025/2864425531_d6fa685fbb.jpg
Img_072_0458.jpg,https://farm4.staticflickr.com/3173/2541287128_0fc9ffd5ee.jpg
Img_072_0459.jpg,https://farm1.staticflickr.com/149/409879312_09d6d9550d.jpg
Img_072_0460.jpg,https://farm1.staticflickr.com/118/295363335_8cd8bbee77.jpg
Img_072_0461.jpg,https://farm1.staticflickr.com/114/289443160_0bd5404e15.jpg
Img_072_0462.jpg,https://farm1.staticflickr.com/136/323612664_93af993f37.jpg
Img_072_0464.jpg,https://farm1.staticflickr.com/90/282119127_5a534279b3.jpg
Img_072_0466.jpg,http://recipe.ezmember.co.kr/cache/recipe/2015/12/01/3f504ad889ee5503570f76e746fa5a671.jpg
Img_072_0467.jpg,http://postfiles1.naver.net/MjAxNzA2MTdfMTIy/MDAxNDk3NjcxOTA0MzY0.W3S-X4y7l9k3BcfMX8vGHOtsKelx18W8lGOtdjvzUGcg.rsu9yTNT5FwPvqtIrnnku2XCep1IiJW9Ha3SpL1rfBEg.JPEG.localfoods/%EC%A0%84%EC%A3%BC_%EB%B9%84%EB%B9%94%EB%B0%A5_%EB%A7%9B%EC%A7%91%2C_%ED%95%9C%EA%B5%AD%EC%A7%91._%EB%AF%B8%EC%8A%90%EB%9E%AD_%EA%B0%80%EC%9D%B4%EB%93%9C_%EC%86%8C%EA%B0%9C5.jpg?type=w966
Img_072_0468.jpg,http://www.doopedia.co.kr/_upload/image1/280000/282500/1024/282902.jpg
Img_072_0469.jpg,http://www.kculture.or.kr/files/symbol/52_1.jpg
Img_072_0470.jpg,http://oldtour.jeonju.go.kr/images/sub04/040101_tiimg.jpg
Img_072_0472.jpg,http://cfile23.uf.tistory.com/image/231F753B55C0619816E471
Img_072_0473.jpg,https://i0.wp.com/blog.lgdisplay.com/lgdisplay/wp-content/uploads/2015/10/9.jpg?resize=650%2C433
Img_072_0475.jpg,http://ojsfile.ohmynews.com/STD_IMG_FILE/2011/1027/IE001363342_STD.jpg
Img_072_0476.jpg,http://cfile10.uf.tistory.com/image/270C274653703CFC2271E2
Img_072_0479.jpg,https://i.ytimg.com/vi/6QQ67F8y2b8/maxresdefault.jpg
Img_072_0480.jpg,http://www.hansalim.or.kr/wp-content/uploads/2017/05/573%ED%98%B8-%EB%A9%8D%EA%B2%8C%EB%B9%84%EB%B9%94%EB%B0%A5-%EC%99%84%EC%84%B1-1.jpg
Img_072_0481.jpg,http://newsplus.chosun.com/site/data/img_dir/2012/03/02/2012030200879_3.jpg
Img_072_0482.jpg,http://cfile2.uf.tistory.com/image/236A8B355583FF6C315702
Img_072_0483.jpg,http://cfile217.uf.daum.net/image/1802D53A4F0AB6AB0DC00E
Img_072_0484.jpg,http://blogthumb2.naver.net/20160114_220/qydqydqydqyd_14527330881564Ozuf_JPEG/_DSC1794.JPG?type=w2
Img_072_0485.jpg,http://ojsfile.ohmynews.com/STD_IMG_FILE/2016/0801/IE001998509_STD.JPG
Img_072_0486.jpg,http://postfiles15.naver.net/MjAxNzA2MjFfMTcw/MDAxNDk4MDM4OTAwNTk3.UKE6ZQgmZqduBXnh4ED6BxhFDNkbIQPraSYm6GvH4LEg.qT702ASpTQIU-HPrOEH0p6JhHcc31tR1x2zWp27aAmUg.PNG.beauty_xi/%EA%B1%B0%EC%A0%9C%ED%95%B4%EC%88%98%EC%98%A8%EC%B2%9C_%EB%B9%84%EB%B9%94%EB%B0%A503.png?type=w966
Img_072_0487.jpg,https://pbs.twimg.com/media/Cbtt4jIWEAA2co1.jpg
Img_072_0490.jpg,http://cfile211.uf.daum.net/image/222E034251F3566F33BB44
Img_072_0493.jpg,http://itaid.com/bbs/data/gallery/KF_%EC%A0%84%EC%A3%BC%EB%B9%84%EB%B9%94%EB%B0%A5.jpg
Img_072_0494.jpg,http://cfile8.uf.tistory.com/image/2333F533519DC29C04FDAB
Img_072_0495.jpg,http://cfile212.uf.daum.net/image/137E46474DBF6D2E206E54
Img_072_0504.jpg,http://mblogthumb2.phinf.naver.net/MjAxNzA0MjFfMjEw/MDAxNDkyNzU0MTM2MzM0._YbbyU_a4auqOVXF5NjhDynaDuG7uxDmU3bFc-5XpQ0g.eYmx4cGl1TvKV7xRBvarMfm47qWsa-XNlcnxHCXnBAkg.JPEG.xideal/%ED%95%A8%ED%8F%89%EA%B5%B0%ED%95%A8%ED%8F%89%EC%9D%8D%EC%9E%AC%EB%9E%98%EC%8B%9C%EC%9E%A5%EC%9C%A1%ED%9A%8C%EB%B9%84%EB%B9%94%EB%B0%A5%EB%A7%9B%EC%A7%91%EB%AA%A9%ED%8F%AC%EC%8B%9D%EB%8B%B9_%283%29.jpg?type=w2
Img_072_0506.jpg,http://i.imgur.com/QN3Fyxz.jpg
Img_072_0510.jpg,http://cfile236.uf.daum.net/image/143ED6414FC8D409407BDB
Img_072_0511.jpg,http://recipe.ezmember.co.kr/cache/recipe/2017/06/16/658bcd3fad476af7799f90ed28a4fc091.jpg
Img_072_0516.jpg,http://cfile2.uf.tistory.com/image/225A17385827BFB11D544E
Img_072_0517.jpg,http://cfile232.uf.daum.net/image/1215DF244B684BC183FDCB
Img_072_0521.jpg,http://postfiles10.naver.net/MjAxNzA1MDlfMTE3/MDAxNDk0MzI5NzEzOTIx.RKJWEPfBfQ0Yi_3ZFS8ptHLik8AXfIcjVJ3OmI5zcQwg.RhfhT2l_Lb-funxhHv7ZGoVOtOcC00U593uZZrCISYUg.JPEG.lamp5861/%EB%A9%8D%EA%B2%8C%EA%B0%80-13.jpg?type=w2
Img_072_0522.jpg,http://pimage.design.co.kr/cms/contents/direct/info_id/49454/1255018390163.jpg
Img_072_0523.jpg,https://cdn.pixabay.com/photo/2014/10/04/09/50/bibimbap-472698_960_720.jpg
Img_072_0524.jpg,https://s-media-cache-ak0.pinimg.com/originals/7a/af/66/7aaf66e9ce5b7391b9c8b3a092f3f680.jpg
Img_072_0525.jpg,http://mblogthumb1.phinf.naver.net/MjAxNzA0MjBfNzcg/MDAxNDkyNjU2MDcwOTUz.qm3DeI1SYIVnBxArATwPIZpk-i4snZbMugzYoddPRXwg.mBBgahPPlw30vLsS-Xmw1Q5YvP5J_oJJXAESpFF75Z0g.JPEG.mungyeongsi/%EB%AC%B8%EA%B2%BD%EC%82%B0%EC%B1%84%EB%B9%84%EB%B9%94%EB%B0%A5_%EB%AC%B8%EA%B2%BD%EC%97%90_%EC%98%A4%EC%85%94%EC%84%9C_%EB%86%93%EC%B9%98%EB%A9%B4_%ED%9B%84%ED%9A%8C%ED%95%A9%EB%8B%88%EB%8B%A44.jpg?type=w800
Img_072_0527.jpg,http://postfiles14.naver.net/MjAxNzA2MjNfOTUg/MDAxNDk4MTgzNTA5MTAx.H7bavOOo3NSycJciyU5ihKDVdKq5ON8w1cre-D2XB7Mg.T9ghjesv8hgi3rvOybTHMyR26MVTgbMAssPcAhNuGQEg.PNG.chefzzong_/B_%EC%97%B4%EB%AC%B4%EB%B9%84%EB%B9%94%EB%B0%A510.png?type=w966
Img_072_0531.jpg,http://cfs8.blog.daum.net/image/19/blog/2008/11/13/09/33/491b753568d1a
Img_072_0533.jpg,http://img.gqkorea.co.kr/gq/2012/09/style_55ee9fee8b701.jpg
Img_072_0536.jpg,http://www.tefal.co.kr/medias/?context=bWFzdGVyfHJvb3R8MzMxMTV8aW1hZ2UvanBlZ3xoYWMvaDJhLzkzMzg2NDQyOTk4MDYuanBnfDRhY2M0ZDU3ODFkM2RjMjFlY2Q5YjEzODc4YjkxNmU2YmFlOTNmZDAzNmNhNGM5N2IyYTIxYTQ3ODI2YzU5NjQ
Img_072_0540.jpg,http://image.aafood.co.kr/image/upload/ly/i3acr3os/eeqb1414009920194.jpg
Img_072_0542.jpg,https://media-cdn.tripadvisor.com/media/photo-s/08/f0/c8/7d/jeonju-yuhalmeoni-bibimbap.jpg
Img_072_0547.jpg,http://cfile30.uf.tistory.com/image/163055324CA81793658D4C
Img_072_0549.jpg,http://ohfun.net/contents/article/images/2017/0519/1495171796774321.jpg
Img_072_0554.jpg,http://pds19.egloos.com/pds/201105/18/96/e0063996_4dd352ae4f549.jpg
Img_072_0557.jpg,http://ojsfile.ohmynews.com/STD_IMG_FILE/2008/0411/IE000893650_STD.gif
Img_072_0558.jpg,http://webzine.nuac.go.kr/img/content/vol13/sub4_2_img1.jpg
Img_072_0561.jpg,http://img.ezday.co.kr/cache/board/2010/06/24/09802b7f82cc490530bb415fbe5f8a9e.jpg
Img_072_0564.jpg,http://www.menupan.com/restaurant/restimg/005/zzmenuimg/h5001257_z.jpg
Img_072_0565.jpg,http://www.menupan.com/restaurant/restimg/007/zzmenuimg/h70219711_z.jpg
Img_072_0566.jpg,https://i.ytimg.com/vi/HmZbAm2YeXs/hqdefault.jpg
Img_072_0568.jpg,http://postfiles14.naver.net/20090824_45/metel2299_1251078688596GqbNk_jpg/img_8179_metel2299.jpg?type=w1
Img_072_0569.jpg,http://www.tclub.co.kr/samplepage/suseongmot/images/menu/jukhoe_bbb_640_360.jpg
Img_072_0570.jpg,https://t3.ftcdn.net/jpg/00/55/67/80/240_F_55678097_xeloGG2TjRWI9wQDiqTSp8lLYbww48Js.jpg
Img_072_0572.jpg,http://openimage.interpark.com/2011/mcoffee/poi/pbibimbap1/m1.jpg
Img_072_0573.png,http://chedaol.com/images/sub/meal8.png
Img_072_0577.jpg,https://s3.amazonaws.com/ktowntogo/j9/myKTDR6evS.jpg
Img_072_0593.jpg,http://postfiles15.naver.net/20130816_158/king940_13766517459011Axdl_JPEG/%BA%F1%BA%F7%B9%E4.jpg?type=w2
Img_072_0675.jpg,http://cfile201.uf.daum.net/image/262EBE48585323F21833AD
Img_072_0746.jpg,https://farm3.staticflickr.com/2787/4199492577_97713f416d.jpg
Img_072_0794.jpg,http://postfiles12.naver.net/20140314_171/king940_1394798296345mVJv5_JPEG/%B8%DB%B0%D4%BA%F1%BA%F6%B9%E4_%B8%B8%B5%E5%B4%C2%B9%FD.jpg?type=w2
Img_072_0835.jpg,http://image.slidesharecdn.com/random-120417215412-phpapp01/95/-1-728.jpg?cb=1334699693
Img_072_0836.jpg,http://ncc.phinf.naver.net/ncc01/2011/11/21/296/01.jpg
Img_072_0837.jpg,http://image.chosun.com/mz_img/2014/02/0227_3_img1.jpg
Img_072_0838.jpg,http://cfile216.uf.daum.net/image/0279E2355136A51C09006D
Img_072_0839.jpg,http://www.koreadaily.com/_data/article_img/2014/01/13/073932380.jpg
Img_072_0840.jpg,http://media-cache-ak0.pinimg.com/736x/83/84/27/838427daa679724189fef89f6d344568.jpg
Img_072_0842.jpg,http://cfile201.uf.daum.net/image/110B10594E4DB71B240B67
Img_072_0843.jpg,https://scontent.cdninstagram.com/hphotos-xaf1/t51.2885-15/s640x640/e35/sh0.08/11430328_949186281791507_2147170058_n.jpg
Img_072_0844.jpg,http://cfile207.uf.daum.net/image/1176E134500D01ED308532
Img_072_0845.jpg,http://foody.co.kr/v2/editor/uploaded/img/1209369689.jpg
Img_072_0846.jpg,http://www.doopedia.co.kr/_upload/image/1210/10/121010018008102/121010018008102_thumb_400.jpg
Img_072_0848.jpg,http://cfile226.uf.daum.net/image/1239DD234CDE118C1F52E9
Img_072_0849.jpg,http://cfile227.uf.daum.net/image/1239DD234CDE118F286E88
Img_072_0850.jpg,http://cdn1.findshop.co.kr/image/summary/13354278711225.jpg
Img_072_0851.jpg,http://www.foody.co.kr/v2/upload_board/1363346362.jpg
Img_072_0852.jpg,https://www.ourhometfs.co.kr/file/recom_menu/20130417/1366184124923.jpg
Img_072_0853.jpg,https://www.ourhometfs.co.kr/file/recom_menu/20130418/1366287035887.jpg
Img_072_0854.jpg,http://cfile235.uf.daum.net/image/1367A1144CFDB9FF203965
Img_072_0855.jpg,http://www.smlounge.co.kr/old_data/mlounge/contents/data/article/138061877480973.jpg
Img_072_0856.jpg,http://www.smlounge.co.kr/old_data/mlounge/contents/data/article/138140585699762.jpg
Img_072_0857.jpg,http://www.ourhometfs.co.kr/file/recom_menu/20140808/1407479764848.jpg
Img_072_0860.jpg,https://www.neoanime.co.kr/./files/attach/images/111/143/162/005/fbbcf9cb784c5928232fcf1d307ea42c.jpg
Img_072_0863.jpg,http://www.ourhomehospitality.com/hos_img/1422782557975.jpg
Img_072_0865.jpg,http://kocis.go.kr/CONTENTS/BOARD/images/150430_Milan_Expo_1.jpg
Img_072_0867.jpg,http://cfile28.uf.tistory.com/image/1605D94A4D52256611705F
Img_072_0868.jpg,http://cfile22.uf.tistory.com/image/16385D1C4BF1B9A327899F
Img_072_0872.jpg,https://scontent.cdninstagram.com/hphotos-xap1/t51.2885-15/e15/1799721_750793918379731_295027611_n.jpg
Img_072_0874.jpg,http://cfile4.uf.tistory.com/image/1837BE1A4BF1BA073FC918
Img_072_0875.jpg,http://cfile24.uf.tistory.com/image/1867C00F4A0AEFC5284F09
Img_072_0876.jpg,http://cfile225.uf.daum.net/image/186F28364E43D790045E07
Img_072_0877.jpg,http://cfile236.uf.daum.net/image/1920421F4CDE11D7335197
Img_072_0878.jpg,http://cfile3.uf.tistory.com/image/194A383A4D0715121A2B5B
Img_072_0879.jpg,http://recipe.ezmember.co.kr/cache/recipe/2015/08/04/0bc9414881ce0206d693276591c4c1841.jpg
Img_072_0880.jpg,http://www.shinmoongo.net/imgdata/shinmoongo_net/201001/2010011053527685.jpg
Img_072_0881.jpg,http://health.chosun.com/site/data/img_dir/2010/02/18/2010021801040_0.jpg
Img_072_0882.jpg,http://image2.aving.net/2011/01/12/20110112135746200.jpg
Img_072_0883.jpg,http://newsplus.chosun.com/site/data/img_dir/2012/03/02/2012030200879_3.jpg
Img_072_0885.jpg,http://photo.jtbc.joins.com/news/2012/07/02/20120702155902378.jpg
Img_072_0886.jpg,http://health.chosun.com/site/data/img_dir/2012/12/21/2012122101558_1.jpg
Img_072_0887.jpg,http://cfile230.uf.daum.net/image/2013823B4D435D5A1749C2
Img_072_0888.jpg,http://heraldk.com/wp-content/uploads/2014/01/20140113000379_0.jpg
Img_072_0890.jpg,http://www.momonews.com/imgdata/momonews_com/201410/2014101708568986.jpg
Img_072_0891.jpg,http://cfile8.uf.tistory.com/image/2518784E51FE5F6B22BAB6
Img_072_0892.jpg,http://postfiles9.naver.net/20160321_280/mijinkim80_1458527108234O5e5P_JPEG/2016-03-19_14.45.18-044.jpg?type=w2
Img_072_0894.jpg,http://img.tf.co.kr/article/home/2016/03/10/20168401457597389.jpg
Img_072_0895.jpg,http://image.lottesuper.co.kr/static-root/fileupload/recipe/201305/20_500.jpg
Img_072_0896.jpg,http://cfile229.uf.daum.net/image/214B0846557FB99C1E763A
Img_072_0897.jpg,http://cfile204.uf.daum.net/image/2152DE4D53EC363532B784
Img_072_0899.jpg,http://cfile209.uf.daum.net/image/2416AE4A580C15522B2D55
Img_072_0900.jpg,http://cfile28.uf.tistory.com/image/25226E36548ACE1D29F124
Img_072_0901.jpg,http://cfile217.uf.daum.net/image/2559A542510C90C41985FC
Img_072_0902.jpg,http://cfile5.uf.tistory.com/image/261C9B47550BCB570C7399
Img_072_0903.jpg,http://cfile5.uf.tistory.com/image/266DBC4F550D5FE6200F48
Img_072_0905.jpg,http://cfile209.uf.daum.net/image/273F6A4A525360691E7708
Img_072_0907.jpg,http://i.imgur.com/EfnsHXm.jpg
Img_072_0908.jpg,http://www.mokpomenu.com/data/file/board1/3718039670_59610b1d_C5A9B1E2BAAFC8AF_C7D4C6F2%2BC0B0C8B8BAF1BAF6B9E4.jpg
Img_072_0909.jpg,http://tong.visitkorea.or.kr/ktobiz/images/popup/3_poster.jpg
Img_072_0910.jpg,http://blogthumb2.naver.net/20150928_175/chaihyoun_14434197143508B6aU_JPEG/4.jpg?type=w2
Img_072_0911.jpg,http://farm5.static.flickr.com/4082/4795460198_197d8b7acc_o.jpg
Img_072_0913.jpg,http://postfiles7.naver.net/20120517_214/baby0817_1337234424578qGAPP_JPEG/52.jpg?type=w1
Img_072_0914.jpg,http://i1.media.daumcdn.net/uf/image/U01/agora/5806BAB13974070022
Img_072_0915.jpg,http://enjoyenglish.co.kr/files/attach/images/158921/846/548/5a2e8b76f3374cc889b76e3ce8cc4772.jpg
Img_072_0916.JPG,http://www.jbpension.co.kr/files/attach/images/187/172/002/5b593550a31a91707ea96fc63b15760f.JPG
Img_072_0917.jpg,https://c1.staticflickr.com/7/6240/6238085047_876f067322_b.jpg
Img_072_0918.JPG,http://mynh.nonghyup.com/Upload/Images/Data/635481979694655802.JPG
Img_072_0919.jpg,http://postfiles15.naver.net/20121119_222/wine59_13532799477457Vm8u_JPEG/7.jpg?type=w1
Img_072_0920.jpg,http://www.onkweather.com/data/file/report2/751590529_nXRa3yId_C0FCC1D6BAF1BAF6B9E4.jpg
Img_072_0921.jpg,http://www.popco.net/zboard/data/mobile_forum/2015/07/07/896285829559acbb38f956.jpg
Img_072_0922.jpg,http://www.seongseo.ms.kr/upload/2013/11/04/89a7dcec75b85644ce112d5de69ebd1c.jpg
Img_072_0923.jpg,http://blogthumb2.naver.net/data35/2008/6/18/279/8_banana365.jpg?type=w2
Img_072_0925.jpg,http://4.bp.blogspot.com/-opkM5V51N5w/T9LfT5p-dlI/AAAAAAAAODM/_gfz-DGOcVQ/s1600/Asiana+Cabin+Service+Meal+flight+attendant_2.jpg
Img_072_0926.JPG,http://blogthumb2.naver.net/20150612_158/bigstar0618_1434086673891M8oP2_JPEG/DSC04594.JPG?type=w2
Img_072_0927.JPG,http://postfiles9.naver.net/20110720_264/kore2_1311126186193Ax6a3_JPEG/IMG_0991.JPG?type=w1
Img_072_0928.jpg,http://pds10.egloos.com/pds/200901/12/83/a0016483_496a0a782775c.jpg
Img_072_0930.jpg,http://img.ezday.co.kr/cache/board/2009/11/05/b548729b1c48dd3018554135f553731c.jpg
Img_072_0931.jpg,http://admin.brainworld.com/Library/FileDown.aspx?filename=2017072020233984375.jpg&filepath=BrainScience
Img_072_0932.jpg,http://chichilicious.com/wp-content/uploads/bibimbap-recipe.jpg
Img_072_0933.jpg,http://cdn.koreaboo.com/wp-content/uploads/2017/04/bibimbap.jpg
Img_072_0934.jpg,http://4.bp.blogspot.com/-geYKZSUbzk8/TmcrKRiihoI/AAAAAAAAAEk/uzzDBEXE2kg/s1600/bimbimbap.jpg
Img_072_0935.jpg,http://www.menupan.com/restaurant/restimg/008/zzmenuimg/h5027885_z.jpg
Img_072_0936.jpg,https://i.ytimg.com/vi/yrBLi1gYCi0/maxresdefault.jpg
Img_072_0938.jpg,http://recipe.ezmember.co.kr/cache/recipe/2015/05/22/cb6f0f95ec3c5cf56ef7e76e720fd1e11.jpg
Img_072_0939.jpg,https://sites.psu.edu/jiyoonpassionblog/wp-content/uploads/sites/21669/2015/04/dolsot-bibimbap.jpg
Img_072_0940.jpg,http://surabbqdallas.com/wp-content/uploads/2014/12/dolsot.jpg
Img_072_0942.jpg,http://pds24.egloos.com/pds/201204/30/93/e0109593_4f9df5c7cde5f.jpg
Img_072_0943.jpg,http://www.82cook.com/imagedb/orig/2012/0717/e05cb4b2b864c411.jpg
Img_072_0944.jpg,http://www.82cook.com/imagedb/orig/2014/0305/0862140324a6b6f0.jpg
Img_072_0945.jpg,https://farm3.staticflickr.com/2934/13958319613_f7ef0daf4a.jpg
Img_072_0946.jpg,https://farm8.staticflickr.com/7076/7213373840_1132805050.jpg
Img_072_0947.jpg,https://farm3.staticflickr.com/2412/1956878068_6ffe2c3eea.jpg
Img_072_0948.jpg,https://farm3.staticflickr.com/2520/3856694882_35fa0c93f3.jpg
Img_072_0949.jpg,https://farm1.staticflickr.com/253/517727457_ca0ce4c800.jpg
Img_072_0950.jpg,https://farm8.staticflickr.com/7329/11872257946_74a987e3b0.jpg
Img_072_0951.jpg,https://farm9.staticflickr.com/8015/7432066764_cdd6496c03.jpg
Img_072_0952.jpg,https://farm2.staticflickr.com/1299/4595126510_d971a2441d.jpg
Img_072_0953.jpg,https://farm8.staticflickr.com/7175/6781796147_43f9fe0e61.jpg
Img_072_0954.jpg,https://farm1.staticflickr.com/621/21893312238_9574c8ea35.jpg
Img_072_0955.jpg,https://farm4.staticflickr.com/3497/3797768235_76baab41cf.jpg
Img_072_0956.jpg,https://farm3.staticflickr.com/2583/3798585344_a183e2c4b9.jpg
Img_072_0957.jpg,https://farm4.staticflickr.com/3840/14561173933_266c7b51e9.jpg
Img_072_0958.jpg,https://farm8.staticflickr.com/7413/10204499875_106110e980.jpg
Img_072_0959.jpg,https://farm3.staticflickr.com/2777/4400147665_2c487e48f1.jpg
Img_072_0960.jpg,https://farm8.staticflickr.com/7112/7444895920_c6143096e5.jpg
Img_072_0961.jpg,https://farm3.staticflickr.com/2731/4188651783_e64146dbf0.jpg
Img_072_0962.jpg,https://farm8.staticflickr.com/7244/7290614694_a34f0a1d0e.jpg
Img_072_0963.jpg,https://farm9.staticflickr.com/8287/7599069426_74d9f4674c.jpg
Img_072_0964.jpg,https://farm5.staticflickr.com/4178/34456488376_56fec99e40.jpg
Img_072_0965.jpg,https://farm4.staticflickr.com/3262/3255098301_36a2ee7f13.jpg
Img_072_0966.jpg,https://farm6.staticflickr.com/5344/9317870342_4f99e93c56.jpg
Img_072_0968.jpg,https://farm9.staticflickr.com/8193/8115042760_3b08942490.jpg
Img_072_0969.jpg,https://farm5.staticflickr.com/4195/34761768691_2f02cb7e46.jpg
Img_072_0970.jpg,https://farm8.staticflickr.com/7085/7290607688_ed6eef2d50.jpg
Img_072_0971.jpg,https://farm8.staticflickr.com/7075/7290612450_2af04a73db.jpg
Img_072_0972.jpg,https://farm4.staticflickr.com/3817/11200510956_6320620522.jpg
Img_072_0973.jpg,http://www.shinmoongo.net/imgdata/shinmoongo_net/201001/2010011053527685.jpg
Img_072_0974.jpg,https://farm2.staticflickr.com/1612/25758977753_a961b670cc.jpg
Img_072_0975.jpg,https://farm8.staticflickr.com/7673/17177877159_6b2201a085.jpg
Img_072_0976.jpg,https://farm5.staticflickr.com/4128/4999813105_90fd1629a6.jpg
Img_072_0977.jpg,https://farm4.staticflickr.com/3690/11954213064_ec9587f8af.jpg
Img_072_0978.jpg,https://farm9.staticflickr.com/8892/17363737721_8ecde4f9ea.jpg
Img_072_0979.jpg,https://farm6.staticflickr.com/5224/5879349635_4615b67f61.jpg
Img_072_0980.jpg,https://farm9.staticflickr.com/8751/17364091945_4faeb73e62.jpg
Img_072_0981.jpg,https://farm4.staticflickr.com/3537/3517033963_c010fc93a9.jpg
Img_072_0982.jpg,https://farm8.staticflickr.com/7162/6444718775_4c7a030161.jpg
Img_072_0983.jpg,https://farm9.staticflickr.com/8333/8346374213_af6d366326.jpg
Img_072_0984.jpg,https://farm3.staticflickr.com/2510/32416084650_51f5afe87f.jpg
Img_072_0985.jpg,https://farm8.staticflickr.com/7531/16090275771_7c5cc718e3.jpg
Img_072_0986.jpg,https://farm4.staticflickr.com/3677/12212957075_172a1a3657.jpg
Img_072_0987.jpg,https://farm8.staticflickr.com/7113/7135237023_8a4ba2ba0d.jpg
Img_072_0988.jpg,https://farm5.staticflickr.com/4103/5039172492_5d2dbe929e.jpg
Img_072_0989.jpg,https://farm3.staticflickr.com/2834/33989026650_637c9b19c0.jpg
Img_072_0990.jpg,https://farm9.staticflickr.com/8454/8026503080_dc47897862.jpg
Img_072_0991.jpg,https://farm1.staticflickr.com/695/32147668444_76a12a1673.jpg
Img_072_0992.jpg,https://farm3.staticflickr.com/2428/32142705383_8fc1c8be0f.jpg
Img_072_0993.jpg,https://farm4.staticflickr.com/3469/3356405322_57e90e2499.jpg
Img_072_0994.jpg,https://farm2.staticflickr.com/1622/24377550032_b8215c1cff.jpg
Img_072_0995.jpg,https://farm6.staticflickr.com/5218/5399102147_4601837eed.jpg
Img_072_0996.jpg,https://farm4.staticflickr.com/3767/9186573323_96863d64d3.jpg
Img_072_0997.jpg,https://farm1.staticflickr.com/681/32590942682_c3cf7c7afd.jpg
Img_072_0998.jpg,https://farm8.staticflickr.com/7186/6884926291_86624ed67b.jpg
Img_072_0999.jpg,https://farm7.staticflickr.com/6179/6206781781_ec57a65159.jpg
