Img_007_0000.jpg,http://www.menupan.com/cook/cookimg/020500.jpg
Img_007_0001.jpg,http://recipe.ezmember.co.kr/cache/recipe/2016/02/01/05973b09e1d8507eb99b68e36279a2c81.jpg
Img_007_0002.jpg,http://recipe.ezmember.co.kr/cache/recipe/2015/11/11/07278759e59e1596a760713556905e851_m.jpg
Img_007_0003.jpg,http://www.menupan.com/Cook/CookIMG/084700.jpg
Img_007_0004.jpg,http://cfile30.uf.tistory.com/image/1159743E4F5B07B62EDEF4
Img_007_0005.jpg,https://s-media-cache-ak0.pinimg.com/736x/11/88/65/1188658b2b54c32484c235d163f1e70c.jpg
Img_007_0006.jpg,http://cfile2.uf.tistory.com/image/121655524D8F3CCF2D9860
Img_007_0007.jpg,https://scontent.cdninstagram.com/hphotos-xta1/t51.2885-15/s640x640/sh0.08/e35/12328155_1034953483221414_1753815153_n.jpg
Img_007_0009.jpg,http://cfile226.uf.daum.net/image/130964594D65ADFF32CBE0
Img_007_0010.jpg,http://tong.visitkorea.or.kr/cms/resource/15/1341115_image2_1.jpg
Img_007_0011.jpg,http://cfile223.uf.daum.net/image/1348024B4DE73081312F2B
Img_007_0012.jpg,http://img.ezday.co.kr/cache/board/M201/14/141558/141558_0.jpg
Img_007_0013.jpg,http://cfile25.uf.tistory.com/image/14198C1F4A6958E5BF51E4
Img_007_0014.jpg,http://cfile219.uf.daum.net/image/14262B464D885F2A1DB628
Img_007_0016.jpg,http://recipe.ezmember.co.kr/cache/recipe/2015/04/22/15169a437280aad225805af49ea5ddf11_m.jpg
Img_007_0017.jpg,https://scontent.cdninstagram.com/t51.2885-15/e35/16123770_380684505632778_1000899857264672768_n.jpg?ig_cache_key=MTQzODQxODQwMDE4NjY4ODc0OQ%3D%3D.2
Img_007_0018.jpg,https://i1.wp.com/subin.kim/wp-content/uploads/2014/10/1654268_297425873801120_984137667190769075_n.jpg?fit=640%2C640
Img_007_0019.jpg,http://cfile233.uf.daum.net/image/16633B4D5134154F0E1604
Img_007_0020.jpg,http://cfile3.uf.tistory.com/image/175375534D7B922026255D
Img_007_0021.jpg,http://cfile233.uf.daum.net/image/1771071A4A88E5DD021883
Img_007_0022.jpg,http://cfile229.uf.daum.net/image/18160A204B15E09438E85D
Img_007_0023.JPG,http://tong.visitkorea.or.kr/cms/resource/44/1927444_image2_1.JPG
Img_007_0024.JPG,http://tong.visitkorea.or.kr/cms/resource/45/1927445_image2_1.JPG
Img_007_0025.jpg,http://cfile205.uf.daum.net/image/19444B3A4EAD51380EA4F5
Img_007_0026.jpg,http://tong.visitkorea.or.kr/cms/resource/65/1944765_image2_1.jpg
Img_007_0027.jpg,http://tong.visitkorea.or.kr/cms/resource/18/1994018_image2_1.jpg?&amp;name=image2&amp;index=1
Img_007_0028.jpg,http://cfile6.uf.tistory.com/image/20161A194C55E37309A5E0
Img_007_0029.jpg,https://1.bp.blogspot.com/-lsKR_Zps19w/WO3YuZ8NgeI/AAAAAAAAO8s/cjAfMpMCerwX7vFT24ighsQxMp_jZB3zACKgB/s1600/20170410_185439.jpg
Img_007_0030.jpg,http://cfile27.uf.tistory.com/image/2435564C55992D0A17161A
Img_007_0031.jpg,http://cfile3.uf.tistory.com/image/2475304C56489E420D613C
Img_007_0032.jpg,http://cfile201.uf.daum.net/image/2631263E5780649D217A36
Img_007_0033.jpg,http://cfile27.uf.tistory.com/image/2653653A536599EA2A6214
Img_007_0037.jpg,http://tong.visitkorea.or.kr/cms/resource/97/400497_image2_1.jpg
Img_007_0038.jpg,http://tong.visitkorea.or.kr/cms/resource/85/401285_image2_1.jpg
Img_007_0039.jpg,http://cfs11.tistory.com/image/29/tistory/2009/01/22/19/49/49784f2e1d07f
Img_007_0040.jpg,http://tong.visitkorea.or.kr/cms/resource/94/558894_image2_1.jpg
Img_007_0041.jpg,https://jinmi1984.imweb.me/thumbnail/20161202/5841807f6234a.jpg
Img_007_0044.JPG,http://homecuisine.co.kr/files/attach/images/140/426/027/94d26345235e7b0216f694d1766f0845.JPG
Img_007_0045.jpg,http://avestaart.org/xe/files/attach/images/2609/522/014/96659caff1a71770807327de4c8b82b9.jpg
Img_007_0046.JPG,http://www.homecuisine.co.kr/files/attach/images/140/402/010/99b983892094b5c6d2fc3736e15da7d1.JPG
Img_007_0046.JPG,http://image.fmkorea.com/files/attach/new/20171115/3655304/22140497/837847690/99b983892094b5c6d2fc3736e15da7d1.jpg
Img_007_0047.jpeg,https://image.fmkorea.com/files/attach/new/20170723/486616/645804329/719837229/99b983892094b5c6d2fc3736e15da7d1.jpeg
Img_007_0050.JPG,http://www.seattlekcr.com/Pics/Art/IMG_1713_1.JPG
Img_007_0051.JPG,http://postfiles7.naver.net/20120920_134/fancycon_1348079812614jMRuY_JPEG/IMG_4356.JPG?type=w1
Img_007_0052.jpg,http://postfiles10.naver.net/20120920_137/fancycon_1348079752287yORaF_JPEG/IMG_4353_1.jpg?type=w1
Img_007_0054.jpg,http://1.bp.blogspot.com/-vyctiRwamEw/UT0Y4ZsQBNI/AAAAAAAABx4/DmUtVHN5BeE/s1600/IMG_7155.jpg
Img_007_0058.jpg,http://www.gajumarketplace.com/Gjmp36/wp-content/uploads/2012/11/M03.jpg
Img_007_0059.JPG,http://homecuisine.co.kr/files/attach/images/140/665/040/ec2ca4f34a0e9dffa12a1933cf083462.JPG
Img_007_0060.jpg,http://img.lifestyler.co.kr/uploads/channel/upload/recipe/f130304210185603467(0).jpg
Img_007_0062.jpg,https://farm3.staticflickr.com/2928/33813925790_eb63cb3553.jpg
Img_007_0063.jpg,https://farm3.staticflickr.com/2604/4095299692_967bd629e5.jpg
Img_007_0064.jpg,https://farm3.staticflickr.com/2267/2171210785_665b5cf5f7.jpg
Img_007_0065.jpg,https://farm6.staticflickr.com/5121/5378984565_2d896ae207.jpg
Img_007_0066.jpg,https://farm4.staticflickr.com/3688/11844198743_54555e6f86.jpg
Img_007_0067.jpg,https://farm3.staticflickr.com/2734/4427912663_f31d738157.jpg
Img_007_0068.jpg,https://farm9.staticflickr.com/8008/7494896750_f6dd23f143.jpg
Img_007_0069.jpg,https://farm9.staticflickr.com/8092/8590818853_e4ecde89e3.jpg
Img_007_0070.jpg,https://farm5.staticflickr.com/4175/34792899495_a7bc86a05d.jpg
Img_007_0071.jpg,https://farm3.staticflickr.com/2922/14269265930_d0dbcf2077.jpg
Img_007_0072.jpg,https://farm6.staticflickr.com/5241/5220268238_900f95bddf.jpg
Img_007_0073.jpg,https://farm5.staticflickr.com/4066/5165946442_8488b829e4.jpg
Img_007_0074.jpg,https://farm9.staticflickr.com/8079/8274742542_5ef89099a9.jpg
Img_007_0075.jpg,https://farm1.staticflickr.com/87/242699347_4bb28dad21.jpg
Img_007_0076.jpg,https://farm9.staticflickr.com/8542/8634652350_9d5f905980.jpg
Img_007_0077.jpg,https://farm4.staticflickr.com/3491/3844496428_bcf62165f0.jpg
Img_007_0079.jpg,https://farm6.staticflickr.com/5015/5458254906_be524a9186.jpg
Img_007_0080.jpg,https://farm6.staticflickr.com/5609/15640938497_855ab454bc.jpg
Img_007_0081.jpg,https://farm9.staticflickr.com/8216/8344063377_b1d17ff9de.jpg
Img_007_0082.jpg,https://farm4.staticflickr.com/3620/3309589815_927d965a89.jpg
Img_007_0083.jpg,https://farm4.staticflickr.com/3045/3793812961_49cb1966a3.jpg
Img_007_0084.jpg,https://farm3.staticflickr.com/2750/4239569967_524d463127.jpg
Img_007_0085.jpg,https://farm8.staticflickr.com/7205/6968769501_289ffec794.jpg
Img_007_0086.jpg,https://farm4.staticflickr.com/3931/33888294766_696846f258.jpg
Img_007_0087.jpg,https://farm7.staticflickr.com/6121/6001005524_236320448e.jpg
Img_007_0088.jpg,https://farm4.staticflickr.com/3852/33647741080_ec50969f7d.jpg
Img_007_0089.jpg,https://farm7.staticflickr.com/6062/6109845990_cf20336a9f.jpg
Img_007_0090.jpg,https://farm3.staticflickr.com/2811/33086187944_95e511ff8f.jpg
Img_007_0091.jpg,https://farm8.staticflickr.com/7315/12353010915_01a8b72e57.jpg
Img_007_0092.jpg,https://farm4.staticflickr.com/3166/3050966807_0c7d935f68.jpg
Img_007_0093.jpg,https://farm9.staticflickr.com/8224/8323243753_bb078d2e58.jpg
Img_007_0094.jpg,https://farm6.staticflickr.com/5515/9183640336_8fee98449b.jpg
Img_007_0095.jpg,https://farm9.staticflickr.com/8350/8199000909_0f82eda097.jpg
Img_007_0096.jpg,https://farm4.staticflickr.com/3697/12322064643_6f197097c5.jpg
Img_007_0097.jpg,https://farm8.staticflickr.com/7351/9645631426_c7b3a361ce.jpg
Img_007_0098.jpg,https://farm1.staticflickr.com/212/490664288_4f98e778a5.jpg
Img_007_0099.jpg,https://farm6.staticflickr.com/5532/14300505791_bd871c8fdd.jpg
Img_007_0100.jpg,https://farm3.staticflickr.com/2782/4339748183_6c35b8b1ea.jpg
Img_007_0101.jpg,https://farm4.staticflickr.com/3489/3992487498_427c6cf309.jpg
Img_007_0102.jpg,https://s-media-cache-ak0.pinimg.com/736x/11/88/65/1188658b2b54c32484c235d163f1e70c.jpg
Img_007_0103.jpg,https://farm4.staticflickr.com/3154/2829140903_506fff7ed8.jpg
Img_007_0104.jpg,https://farm4.staticflickr.com/3357/3599779088_546095d016.jpg
Img_007_0105.jpg,https://farm8.staticflickr.com/7421/9228567534_580350819c.jpg
Img_007_0106.jpg,https://farm3.staticflickr.com/2893/12761673493_82e26a0302.jpg
Img_007_0107.jpg,https://farm4.staticflickr.com/3318/4595130474_df5744e30e.jpg
Img_007_0108.jpg,https://farm6.staticflickr.com/5131/5482491245_aebde3c81b.jpg
Img_007_0109.jpg,https://farm6.staticflickr.com/5052/5573842850_18989a8c6c.jpg
Img_007_0110.jpg,https://farm7.staticflickr.com/6166/6184050810_ddb71ed6b7.jpg
Img_007_0111.jpg,https://farm8.staticflickr.com/7388/15892781534_5a645384a0.jpg
Img_007_0112.jpg,https://farm6.staticflickr.com/5771/23070689510_bdab81ec00.jpg
Img_007_0113.jpg,https://farm4.staticflickr.com/3816/12306356335_2ec5156c2c.jpg
Img_007_0114.jpg,https://farm9.staticflickr.com/8035/8036288170_b8bc09d718.jpg
Img_007_0115.jpg,https://farm9.staticflickr.com/8355/8371548933_883f609c01.jpg
Img_007_0116.jpg,https://farm8.staticflickr.com/7308/12811810233_c6d9263fb4.jpg
Img_007_0117.jpg,https://farm9.staticflickr.com/8101/8467966804_d8b5b9c24e.jpg
Img_007_0118.jpg,https://farm6.staticflickr.com/5087/5225718341_ee607d247a.jpg
Img_007_0119.jpg,https://farm9.staticflickr.com/8002/7661609046_0bef12a775.jpg
Img_007_0120.jpg,https://farm3.staticflickr.com/2862/9241831258_23298a6fe2.jpg
Img_007_0121.jpg,https://farm4.staticflickr.com/3013/2648634599_a4905c831b.jpg
Img_007_0122.jpg,https://farm5.staticflickr.com/4091/5008663616_eeef3920ff.jpg
Img_007_0123.jpg,https://farm6.staticflickr.com/5096/5523760599_5968f0af85.jpg
Img_007_0124.jpg,https://farm7.staticflickr.com/6118/6336440817_0abdaff682.jpg
Img_007_0125.jpg,https://farm3.staticflickr.com/2574/4084958559_67bf09a288.jpg
Img_007_0126.jpg,https://farm2.staticflickr.com/1381/5104625586_7fb950e571.jpg
Img_007_0127.jpg,https://farm5.staticflickr.com/4061/4292895110_f57ffcb232.jpg
Img_007_0128.jpg,https://farm5.staticflickr.com/4016/4429033100_38c23a2034.jpg
Img_007_0129.jpg,https://farm4.staticflickr.com/3396/4621523312_8cf7211c59.jpg
Img_007_0130.jpg,https://farm5.staticflickr.com/4158/34535076221_7b003dba9a.jpg
Img_007_0131.jpg,https://farm4.staticflickr.com/3688/13144386393_3dcd393e1a.jpg
Img_007_0132.jpg,https://farm8.staticflickr.com/7048/6868488639_7fbc0cdf68.jpg
Img_007_0133.jpg,https://farm8.staticflickr.com/7460/12286995554_20b1a7ccec.jpg
Img_007_0134.jpg,https://farm4.staticflickr.com/3541/3457323584_39ba2c7baf.jpg
Img_007_0135.jpg,https://farm1.staticflickr.com/127/323635217_997c67dde7.jpg
Img_007_0136.jpg,https://farm6.staticflickr.com/5478/12308373993_04e52a4a44.jpg
Img_007_0137.jpg,https://farm9.staticflickr.com/8519/8671115457_3139c2ffe6.jpg
Img_007_0138.jpg,https://farm8.staticflickr.com/7360/12328634663_8c8215161a.jpg
Img_007_0139.jpg,https://farm8.staticflickr.com/7401/13951694928_21ed31a9ac.jpg
Img_007_0140.jpg,https://farm8.staticflickr.com/7534/15512438440_4f3093c801.jpg
Img_007_0141.jpg,https://farm1.staticflickr.com/707/22672816791_ea8e713d77.jpg
Img_007_0142.jpg,https://farm3.staticflickr.com/2567/4227601284_b4533f7d12.jpg
Img_007_0143.jpg,https://farm9.staticflickr.com/8819/16782871633_ff0d0c6ffe.jpg
Img_007_0144.jpg,https://farm4.staticflickr.com/3540/3843810813_8a7d52416c.jpg
Img_007_0145.jpg,https://farm6.staticflickr.com/5016/5588136017_4f199e27df.jpg
Img_007_0146.jpg,https://farm1.staticflickr.com/209/467916596_ec2cfdf096.jpg
Img_007_0147.jpg,https://farm6.staticflickr.com/5529/12788670475_11e08b9444.jpg
Img_007_0148.jpg,https://farm4.staticflickr.com/3748/10571731933_c484c5b9b8.jpg
Img_007_0149.jpg,https://farm5.staticflickr.com/4066/4272365804_2038bb286b.jpg
Img_007_0150.jpg,https://farm6.staticflickr.com/5168/5366907332_7e45481b43.jpg
Img_007_0151.jpg,https://farm7.staticflickr.com/6024/5986800490_fed5e89e07.jpg
Img_007_0152.jpg,https://farm3.staticflickr.com/2810/12744303344_803ed0e5de.jpg
Img_007_0153.jpg,https://farm4.staticflickr.com/3793/12834874095_1de72a1531.jpg
Img_007_0154.jpg,https://farm3.staticflickr.com/2226/5717848414_7aac47daa5.jpg
Img_007_0155.jpg,https://farm4.staticflickr.com/3721/12320919554_5e2f05a7ba.jpg
Img_007_0156.jpg,https://farm6.staticflickr.com/5243/5345971506_fd01c9f9d1.jpg
Img_007_0157.jpg,https://farm4.staticflickr.com/3176/2850001311_be7ce91b29.jpg
Img_007_0158.jpg,https://farm4.staticflickr.com/3675/12901034224_df66708162.jpg
Img_007_0159.jpg,https://farm5.staticflickr.com/4117/4813893341_2009f6395d.jpg
Img_007_0160.jpg,https://farm5.staticflickr.com/4086/4954800416_73fb64be81.jpg
Img_007_0161.jpg,https://farm3.staticflickr.com/2863/10153706476_d10039f817.jpg
Img_007_0162.jpg,https://farm5.staticflickr.com/4148/5137901371_ca361bedd6.jpg
Img_007_0163.jpg,https://farm8.staticflickr.com/7184/14007243275_7b92511925.jpg
Img_007_0164.jpg,https://farm5.staticflickr.com/4335/35844311294_7a343f8e5f.jpg
Img_007_0165.jpg,https://farm4.staticflickr.com/3534/3992486758_52f14dd0a8.jpg
Img_007_0166.jpg,https://farm4.staticflickr.com/3435/3945855205_7881a09223.jpg
Img_007_0167.jpg,https://farm3.staticflickr.com/2043/4507696710_e5ee82d249.jpg
Img_007_0168.jpg,https://farm2.staticflickr.com/1495/25178226896_3b1d538f44.jpg
Img_007_0169.jpg,https://farm9.staticflickr.com/8630/16136463166_a0e5b39069.jpg
Img_007_0170.jpg,https://farm6.staticflickr.com/5286/5326097260_c49e1691db.jpg
Img_007_0171.jpg,https://farm5.staticflickr.com/4070/4530175406_9a62810e8a.jpg
Img_007_0172.jpg,https://farm6.staticflickr.com/5093/5726582836_33202e0221.jpg
Img_007_0173.jpg,https://farm5.staticflickr.com/4104/4845687535_1ca51fd0d1.jpg
Img_007_0174.jpg,https://farm8.staticflickr.com/7157/6826066021_5c797f71a3.jpg
Img_007_0175.jpg,https://farm6.staticflickr.com/5576/15100861045_6d35514cb7.jpg
Img_007_0176.jpg,https://farm8.staticflickr.com/7419/12364990234_c22953c5f1.jpg
Img_007_0177.jpg,https://farm6.staticflickr.com/5536/9399021091_4971d3f623.jpg
Img_007_0178.jpg,https://farm4.staticflickr.com/3831/12462120565_e7fecdf9de.jpg
Img_007_0179.jpg,https://farm3.staticflickr.com/2545/4232625353_5f8d8c53be.jpg
Img_007_0180.jpg,https://farm6.staticflickr.com/5127/5207711383_5cdfd9647f.jpg
Img_007_0181.jpg,https://farm3.staticflickr.com/2852/12321155404_d484807087.jpg
Img_007_0182.jpg,https://farm8.staticflickr.com/7310/15827601013_22af2406dc.jpg
Img_007_0183.jpg,https://farm6.staticflickr.com/5662/23762887245_ee10094f80.jpg
Img_007_0184.jpg,https://farm1.staticflickr.com/768/21056293313_479676c2a1.jpg
Img_007_0185.jpg,https://farm4.staticflickr.com/3814/9652919545_1d88818798.jpg
Img_007_0186.jpg,https://farm7.staticflickr.com/6195/6061689976_55a68acbf3.jpg
Img_007_0187.jpg,https://farm3.staticflickr.com/2901/14807185255_729f6e8283.jpg
Img_007_0188.jpg,https://farm8.staticflickr.com/7046/6835639476_64fefff278.jpg
Img_007_0189.jpg,https://farm8.staticflickr.com/7354/13148985554_1cb58a5af8.jpg
Img_007_0190.jpg,https://farm5.staticflickr.com/4149/5044053075_b23ce842f3.jpg
Img_007_0191.jpg,https://farm3.staticflickr.com/2516/3887606282_6199d4b6a0.jpg
Img_007_0192.jpg,https://farm4.staticflickr.com/3738/12319559694_361bb61e87.jpg
Img_007_0193.jpg,https://farm8.staticflickr.com/7394/27590343476_27bb2b3273.jpg
Img_007_0194.jpg,https://farm2.staticflickr.com/1123/5119123631_fc9b74ddb8.jpg
Img_007_0195.jpg,https://farm3.staticflickr.com/2449/3816964496_bf574ea24e.jpg
Img_007_0196.jpg,https://farm8.staticflickr.com/7338/13078748484_d138d105bf.jpg
Img_007_0197.jpg,https://farm7.staticflickr.com/6046/6245823128_fe8e84633d.jpg
Img_007_0198.jpg,https://farm3.staticflickr.com/2798/4187462848_68227c02fa.jpg
Img_007_0199.jpg,https://farm8.staticflickr.com/7414/11115847105_28b24a4656.jpg
Img_007_0200.jpg,https://farm4.staticflickr.com/3750/9039862875_4c9ae19670.jpg
Img_007_0201.jpg,https://farm2.staticflickr.com/1524/25089119901_567c963973.jpg
Img_007_0202.jpg,https://farm9.staticflickr.com/8246/8543059536_d5a0bf2240.jpg
Img_007_0203.jpg,https://farm5.staticflickr.com/4081/4735044916_b0079b3b37.jpg
Img_007_0204.jpg,https://farm4.staticflickr.com/3187/5802542938_a824e20f4f.jpg
Img_007_0205.jpg,https://farm6.staticflickr.com/5044/5286598323_3162466ab2.jpg
Img_007_0206.jpg,https://farm4.staticflickr.com/3259/3155200041_83d65c3a44.jpg
Img_007_0207.jpg,https://farm2.staticflickr.com/1609/25060422012_673f551f1c.jpg
Img_007_0208.jpg,https://farm5.staticflickr.com/4110/4976428819_ceb13bc143.jpg
Img_007_0209.jpg,https://farm2.staticflickr.com/1480/24703003744_2fc502b215.jpg
Img_007_0210.jpg,https://farm4.staticflickr.com/3917/14468263180_d061558e00.jpg
Img_007_0211.jpg,https://farm7.staticflickr.com/6086/6157449299_c0b114945f.jpg
Img_007_0212.jpg,https://farm3.staticflickr.com/2923/14139746117_169bb0d8fc.jpg
Img_007_0213.jpg,https://farm8.staticflickr.com/7420/9662288162_3a23e83ec5.jpg
Img_007_0214.jpg,https://farm5.staticflickr.com/4025/4641703057_78b243fca0.jpg
Img_007_0215.jpg,https://farm6.staticflickr.com/5035/14087665796_bace6df155.jpg
Img_007_0216.jpg,https://farm9.staticflickr.com/8299/7814388952_7c3777ef46.jpg
Img_007_0217.jpg,https://farm2.staticflickr.com/1280/4696093096_1e1128bebf.jpg
Img_007_0218.jpg,https://farm9.staticflickr.com/8601/28250468294_f920202449.jpg
Img_007_0219.jpg,https://farm2.staticflickr.com/1474/24246337361_f15708f477.jpg
Img_007_0220.jpg,https://farm3.staticflickr.com/2257/2120140436_e58f851cb0.jpg
Img_007_0221.jpg,https://farm9.staticflickr.com/8511/8497088752_3e35f1d17b.jpg
Img_007_0222.jpg,https://farm5.staticflickr.com/4131/4840535568_3562c7827b.jpg
Img_007_0223.jpg,https://farm3.staticflickr.com/2807/12322959995_770200aa05.jpg
Img_007_0224.jpg,https://farm8.staticflickr.com/7386/12320813803_c17b43a66c.jpg
Img_007_0225.jpg,https://farm9.staticflickr.com/8416/29521486024_a66f424d47.jpg
Img_007_0226.jpg,https://farm8.staticflickr.com/7065/6930425401_3e4c8bfc60.jpg
Img_007_0227.jpg,https://farm3.staticflickr.com/2712/4354213165_671e420dec.jpg
Img_007_0228.jpg,https://farm6.staticflickr.com/5514/10817220826_98805039fa.jpg
Img_007_0229.jpg,https://farm3.staticflickr.com/2807/12302912105_8a58458ed2.jpg
Img_007_0231.jpg,https://farm9.staticflickr.com/8428/29316723521_6c9cbc2482.jpg
Img_007_0232.jpg,https://farm1.staticflickr.com/750/21406685688_63bee66c85.jpg
Img_007_0233.jpg,https://farm9.staticflickr.com/8689/28623300605_11ae30de2a.jpg
Img_007_0234.jpg,https://farm5.staticflickr.com/4146/4971238287_99f3aa2c0f.jpg
Img_007_0235.jpg,https://farm9.staticflickr.com/8101/28623300945_58f3d6076c.jpg
Img_007_0236.jpg,https://farm8.staticflickr.com/7322/12316027574_0e15bdbc98.jpg
Img_007_0237.jpg,https://farm9.staticflickr.com/8056/28005854574_d4f69477f6.jpg
Img_007_0238.jpg,https://farm6.staticflickr.com/5494/12305353915_c319468722.jpg
Img_007_0239.jpg,https://farm6.staticflickr.com/5049/5302255354_3f6f23293a.jpg
Img_007_0240.jpg,https://farm9.staticflickr.com/8795/28005854414_f61a74c103.jpg
Img_007_0241.jpg,https://farm6.staticflickr.com/5561/14914177459_31accd5120.jpg
Img_007_0242.jpg,https://farm8.staticflickr.com/7477/15648018744_35ae2fc92d.jpg
Img_007_0243.jpg,https://farm8.staticflickr.com/7378/12306753264_15ce311cd0.jpg
Img_007_0244.jpg,https://farm2.staticflickr.com/1629/25178685785_99c3677233.jpg
Img_007_0245.jpg,https://farm9.staticflickr.com/8404/28774486103_9d7135d7b9.jpg
Img_007_0246.jpg,https://farm4.staticflickr.com/3782/13082073174_df169cd04b.jpg
Img_007_0247.jpg,https://farm3.staticflickr.com/2904/13924135137_89a5255b0d.jpg
Img_007_0248.jpg,https://farm9.staticflickr.com/8285/7772411604_bf7d35d511.jpg
Img_007_0249.jpg,https://farm9.staticflickr.com/8606/16676653195_463b731156.jpg
Img_007_0250.jpg,https://farm3.staticflickr.com/2878/12300382274_bf3df04082.jpg
Img_007_0251.jpg,https://farm6.staticflickr.com/5523/11948206683_f0a8bc36f4.jpg
Img_007_0252.jpg,https://farm4.staticflickr.com/3715/12738284033_56863192b0.jpg
Img_007_0253.jpg,https://farm6.staticflickr.com/5507/12745218335_bbc1b4b5c0.jpg
Img_007_0254.jpg,https://farm8.staticflickr.com/7200/7135037481_232be2fb78.jpg
Img_007_0255.jpg,https://farm2.staticflickr.com/1548/24605964639_b180a67878.jpg
Img_007_0256.jpg,https://farm5.staticflickr.com/4060/4695426314_c47fbdd7ee.jpg
Img_007_0257.jpg,https://farm9.staticflickr.com/8081/8299624592_1608a644a1.jpg
Img_007_0258.jpg,https://farm6.staticflickr.com/5750/30632888696_7fd548e0f5.jpg
Img_007_0259.jpg,https://farm8.staticflickr.com/7416/27886708080_c67f5bc136.jpg
Img_007_0260.jpg,https://farm6.staticflickr.com/5505/12306898334_122a35b9b6.jpg
Img_007_0261.jpg,https://farm6.staticflickr.com/5799/21328022811_a42c558640.jpg
Img_007_0262.jpg,https://farm5.staticflickr.com/4102/4893078745_7026c1bd02.jpg
Img_007_0263.jpg,https://farm4.staticflickr.com/3945/33680948631_2823c0b90d.jpg
Img_007_0264.jpg,https://farm4.staticflickr.com/3877/14651703421_d068c4737f.jpg
Img_007_0265.jpg,https://farm2.staticflickr.com/1497/25778312475_330014eb6a.jpg
Img_007_0266.jpg,https://farm6.staticflickr.com/5482/11724453135_5cfa41ccba.jpg
Img_007_0267.jpg,https://farm4.staticflickr.com/3728/12623849594_bb55a02247.jpg
Img_007_0268.jpg,https://farm6.staticflickr.com/5571/15157014042_f4584600a0.jpg
Img_007_0269.jpg,https://farm7.staticflickr.com/6181/6085065599_ef667ab412.jpg
Img_007_0270.jpg,https://farm6.staticflickr.com/5574/29930159022_e2732c46ab.jpg
Img_007_0271.jpg,https://farm6.staticflickr.com/5634/21316562831_a7d4976d63.jpg
Img_007_0272.jpg,https://farm2.staticflickr.com/1454/24736087826_64e56b9bc5.jpg
Img_007_0273.jpg,https://farm8.staticflickr.com/7412/12425666695_5a882d7bab.jpg
Img_007_0274.jpg,https://farm8.staticflickr.com/7176/7002370935_0acc21ef1e.jpg
Img_007_0275.jpg,https://farm3.staticflickr.com/2851/12336438493_cd744e06c5.jpg
Img_007_0276.jpg,https://farm5.staticflickr.com/4186/34336858491_43ba4a87c5.jpg
Img_007_0277.jpg,https://farm5.staticflickr.com/4146/4970249841_48a038d7e0.jpg
Img_007_0278.jpg,https://farm6.staticflickr.com/5709/23089442036_5dce2f3a64.jpg
Img_007_0279.jpg,https://farm6.staticflickr.com/5204/30009936046_b16c2b7188.jpg
Img_007_0280.jpg,https://farm6.staticflickr.com/5628/30009960236_ff2a1ce9b1.jpg
Img_007_0281.jpg,https://farm3.staticflickr.com/2801/4130721301_f4d1d14107.jpg
Img_007_0282.jpg,https://farm6.staticflickr.com/5475/12316854493_3361207a8e.jpg
Img_007_0283.jpg,https://farm3.staticflickr.com/2822/12320463094_8f910ae2b8.jpg
Img_007_0284.jpg,https://farm6.staticflickr.com/5540/12767629283_8a7cae1a0b.jpg
Img_007_0285.jpg,https://farm8.staticflickr.com/7364/12317708983_cbbf719433.jpg
Img_007_0286.jpg,https://farm1.staticflickr.com/356/18913364201_3fe9eb370e.jpg
Img_007_0287.jpg,https://farm8.staticflickr.com/7375/13695524294_287a4b98fb.jpg
Img_007_0289.jpg,https://farm8.staticflickr.com/7352/27199301934_ee4df1a26f.jpg
Img_007_0290.jpg,https://farm6.staticflickr.com/5496/31016317585_882f1487e8.jpg
Img_007_0291.jpg,https://farm8.staticflickr.com/7244/7179969764_9bbc18d949.jpg
Img_007_0292.jpg,https://farm8.staticflickr.com/7350/12333133503_c89e57d36e.jpg
Img_007_0293.jpg,https://farm4.staticflickr.com/3710/12739021223_ea2ab91c59.jpg
Img_007_0294.jpg,https://farm8.staticflickr.com/7299/12736132524_9bb4bcb3f3.jpg
Img_007_0295.jpg,https://farm7.staticflickr.com/6017/5904324383_beb271bf6e.jpg
Img_007_0296.jpg,https://farm8.staticflickr.com/7348/12333050433_4240ea799b.jpg
Img_007_0297.jpg,https://farm8.staticflickr.com/7435/16246382809_39534e7c59.jpg
Img_007_0298.jpg,https://farm4.staticflickr.com/3807/9674264627_f9066139d4.jpg
Img_007_0299.jpg,https://farm4.staticflickr.com/3729/12740861685_60d4810d13.jpg
Img_007_0300.jpg,https://farm8.staticflickr.com/7311/12305835825_4503c37f2b.jpg
Img_007_0301.jpg,https://farm3.staticflickr.com/2838/12302175986_016775579c.jpg
Img_007_0302.jpg,https://farm3.staticflickr.com/2866/12379225413_ebb8ba73ea.jpg
Img_007_0303.jpg,https://farm1.staticflickr.com/315/18606545650_a2c0885ecc.jpg
Img_007_0304.jpg,https://farm4.staticflickr.com/3714/12314711833_3dba8e170e.jpg
Img_007_0305.jpg,https://farm4.staticflickr.com/3217/13077301553_309090d1d7.jpg
Img_007_0306.jpg,https://farm1.staticflickr.com/525/19025131836_cd25b14d90.jpg
Img_007_0307.jpg,https://farm8.staticflickr.com/7128/27343877254_1eeedbb222.jpg
Img_007_0308.jpg,https://farm8.staticflickr.com/7381/12742503695_b16c252fb9.jpg
Img_007_0309.jpg,https://farm6.staticflickr.com/5520/12750206405_db42ccd51f.jpg
Img_007_0310.jpg,https://farm6.staticflickr.com/5007/5365251644_e99c5a98d6.jpg
Img_007_0311.jpg,https://farm8.staticflickr.com/7449/12793829143_0c0eaa080e.jpg
Img_007_0312.jpg,https://farm4.staticflickr.com/3785/12737798085_15d1770ecc.jpg
Img_007_0313.jpg,https://farm5.staticflickr.com/4353/36633027486_b5ff67c8c7.jpg
Img_007_0316.jpg,https://farm8.staticflickr.com/7145/13157738174_9c69a6d315.jpg
Img_007_0317.jpg,https://farm2.staticflickr.com/1615/25946984482_76c30b4873.jpg
Img_007_0318.jpg,https://farm8.staticflickr.com/7425/12305491655_79e852db49.jpg
Img_007_0319.jpg,https://farm5.staticflickr.com/4144/4843982873_83174ec8ca.jpg
Img_007_0320.jpg,https://farm3.staticflickr.com/2888/33992881392_3d140f7037.jpg
Img_007_0321.jpg,https://farm6.staticflickr.com/5735/30383430803_33e6411f33.jpg
Img_007_0322.jpg,https://farm6.staticflickr.com/5677/22273684791_74df93774e.jpg
Img_007_0323.jpg,https://farm6.staticflickr.com/5202/29939235336_27ff756103.jpg
Img_007_0324.jpg,https://farm6.staticflickr.com/5729/23175145914_b64cb009c7.jpg
Img_007_0325.jpg,https://farm6.staticflickr.com/5801/29553629883_4f08b38851.jpg
Img_007_0326.jpg,https://farm1.staticflickr.com/529/18470976120_69ba830de1.jpg
Img_007_0327.jpg,https://farm8.staticflickr.com/7159/13695663734_18fbf924c8.jpg
Img_007_0328.jpg,https://farm4.staticflickr.com/3718/12297094465_07bedd20d5.jpg
Img_007_0329.jpg,https://farm9.staticflickr.com/8079/28739776981_e26bdb07fd.jpg
Img_007_0330.jpg,https://farm8.staticflickr.com/7351/12316398763_d174e2beb1.jpg
Img_007_0331.jpg,https://farm3.staticflickr.com/2807/12314070054_9a524080b1.jpg
Img_007_0332.jpg,https://farm6.staticflickr.com/5722/20902452574_fae9edd9b5.jpg
Img_007_0333.jpg,https://farm4.staticflickr.com/3708/12318269574_6fa55225cc.jpg
Img_007_0334.jpg,https://farm1.staticflickr.com/756/21044414313_3793a0f5f1.jpg
Img_007_0335.jpg,https://farm3.staticflickr.com/2868/12355917324_99ae7db473.jpg
Img_007_0336.jpg,https://farm6.staticflickr.com/5046/5351377837_79d2e498ee.jpg
Img_007_0337.jpg,https://farm8.staticflickr.com/7392/12306387636_8a9e8f49dc.jpg
Img_007_0338.jpg,https://farm4.staticflickr.com/3009/5749651022_6742667bfa.jpg
Img_007_0339.jpg,https://farm9.staticflickr.com/8253/29252684086_f771ee2a50.jpg
Img_007_0340.jpg,https://farm9.staticflickr.com/8726/28744412051_24f368c82a.jpg
Img_007_0341.jpg,https://farm1.staticflickr.com/307/18631789289_a23ed21ffa.jpg
Img_007_0342.jpg,https://farm9.staticflickr.com/8399/28992001405_a0cd617d9a.jpg
Img_007_0343.jpg,https://farm6.staticflickr.com/5823/20353615454_f056590646.jpg
Img_007_0344.jpg,https://farm6.staticflickr.com/5502/30930446111_5269660053.jpg
Img_007_0345.jpg,https://farm5.staticflickr.com/4166/34665369265_9b02a2b0d6.jpg
Img_007_0346.jpg,https://farm5.staticflickr.com/4186/34665394135_5a9f9efe48.jpg
Img_007_0347.jpg,https://farm3.staticflickr.com/2817/33774788095_45f39e8f6b.jpg
Img_007_0348.jpg,https://farm3.staticflickr.com/2916/33171010094_ff6eb0756a.jpg
Img_007_0349.jpg,https://farm3.staticflickr.com/2911/14315690511_5fd209d5b5.jpg
Img_007_0350.jpg,https://farm6.staticflickr.com/5662/20733583993_158ca126cd.jpg
Img_007_0351.jpg,https://farm1.staticflickr.com/352/18728637175_7d489ebd51.jpg
Img_007_0352.jpg,https://farm1.staticflickr.com/684/20579500332_758a13fa1e.jpg
Img_007_0353.jpg,https://farm8.staticflickr.com/7735/17841961059_0b6f6a6257.jpg
Img_007_0354.jpg,https://farm1.staticflickr.com/393/18527257293_d7c011bc12.jpg
Img_007_0355.jpg,https://farm6.staticflickr.com/5819/20570021280_445583d855.jpg
Img_007_0356.jpg,https://farm8.staticflickr.com/7622/16397032513_0bc913bacc.jpg
Img_007_0357.jpg,https://farm8.staticflickr.com/7357/16175593849_51a8c323ed.jpg
Img_007_0358.jpg,https://farm8.staticflickr.com/7465/15702462440_15188fdaa8.jpg
Img_007_0359.jpg,https://farm9.staticflickr.com/8785/16901712939_71682b28d7.jpg
Img_007_0360.jpg,https://farm4.staticflickr.com/3849/15219806361_0f986409a5.jpg
Img_007_0361.jpg,https://farm4.staticflickr.com/3864/14940966370_d5cc8be8a4.jpg
Img_007_0362.jpg,https://farm6.staticflickr.com/5607/15394058089_b64409cea0.jpg
Img_007_0363.jpg,https://farm6.staticflickr.com/5583/14820907499_33d463da02.jpg
Img_007_0364.jpg,https://farm4.staticflickr.com/3911/14914236270_02e9c34156.jpg
Img_007_0365.jpg,https://farm8.staticflickr.com/7480/15682143380_6b3936339c.jpg
Img_007_0366.jpg,https://farm4.staticflickr.com/3922/14875262210_d924f975ef.jpg
Img_007_0367.jpg,https://farm3.staticflickr.com/2936/14507195931_74e9f3bc5c.jpg
Img_007_0368.jpg,https://farm3.staticflickr.com/2916/14240452188_83fa55efc7.jpg
Img_007_0369.jpg,https://farm6.staticflickr.com/5555/14244070753_f1d7ec8ba2.jpg
Img_007_0370.jpg,https://farm3.staticflickr.com/2917/14151769545_e9503dd620.jpg
Img_007_0371.jpg,https://farm3.staticflickr.com/2907/14125297131_d19a7073f9.jpg
Img_007_0372.jpg,https://farm8.staticflickr.com/7343/13889214878_d0e9b73f03.jpg
Img_007_0373.jpg,https://farm6.staticflickr.com/5323/14107546911_0467e1ae26.jpg
Img_007_0374.jpg,https://farm3.staticflickr.com/2857/12837436684_9f773307c7.jpg
Img_007_0375.jpg,https://farm3.staticflickr.com/2927/14223744044_ca2a5cbe15.jpg
Img_007_0376.jpg,https://farm4.staticflickr.com/3731/12304240125_a6b3ddf492.jpg
Img_007_0377.jpg,https://farm3.staticflickr.com/2938/14035364338_3bb53dd9e1.jpg
Img_007_0378.jpg,https://farm3.staticflickr.com/2897/14034797007_22fd8dce79.jpg
Img_007_0379.jpg,https://farm8.staticflickr.com/7405/13049664223_48d35044a9.jpg
Img_007_0380.jpg,https://farm4.staticflickr.com/3685/13733590185_2d18bb6d81.jpg
Img_007_0381.jpg,https://farm8.staticflickr.com/7298/12837559084_5fa7987699.jpg
Img_007_0382.jpg,https://farm8.staticflickr.com/7354/12743844194_2712993be8.jpg
Img_007_0383.jpg,https://farm4.staticflickr.com/3690/12762844824_717d4fcc31.jpg
Img_007_0384.jpg,https://farm8.staticflickr.com/7320/12743151623_f7d2b4d69e.jpg
Img_007_0385.jpg,https://farm8.staticflickr.com/7319/12741729945_24c4485c94.jpg
Img_007_0386.jpg,https://farm4.staticflickr.com/3754/12746423814_87e22fdde7.jpg
Img_007_0387.jpg,https://farm6.staticflickr.com/5471/12744884445_a18a968087.jpg
Img_007_0388.jpg,https://farm8.staticflickr.com/7381/12740355065_accbd93b6b.jpg
Img_007_0389.jpg,https://farm6.staticflickr.com/5152/14087667766_f554422421.jpg
Img_007_0390.jpg,https://farm6.staticflickr.com/5509/12356024194_4a77612d02.jpg
Img_007_0391.jpg,https://farm4.staticflickr.com/3760/12750331934_ce830b16d1.jpg
Img_007_0392.jpg,https://farm8.staticflickr.com/7330/12354747005_f345a15b92.jpg
Img_007_0393.jpg,https://farm8.staticflickr.com/7429/12355086893_df46dd8ac0.jpg
Img_007_0394.jpg,https://farm8.staticflickr.com/7309/12335068065_c02b6978f2.jpg
Img_007_0395.jpg,https://farm4.staticflickr.com/3762/12336725434_7f6b670184.jpg
Img_007_0396.jpg,https://farm8.staticflickr.com/7419/12355079993_76e7cf1a69.jpg
Img_007_0397.jpg,https://farm6.staticflickr.com/5542/9644350774_f5f9e8025f.jpg
Img_007_0398.jpg,https://farm8.staticflickr.com/7447/12334091585_0c0237955d.jpg
Img_007_0399.jpg,https://farm8.staticflickr.com/7386/12301019366_7757e1aa03.jpg
Img_007_0400.jpg,https://farm4.staticflickr.com/3783/9269278284_0fd6a18784.jpg
Img_007_0401.jpg,https://farm9.staticflickr.com/8532/8579881025_57c9e3e6a2.jpg
Img_007_0403.jpg,https://farm8.staticflickr.com/7460/8832971128_05e58a10c0.jpg
Img_007_0404.jpg,https://farm8.staticflickr.com/7224/7324348050_d0c4732f53.jpg
Img_007_0405.jpg,https://farm6.staticflickr.com/5466/6914141690_7e17d5754d.jpg
Img_007_0408.jpg,http://images.lookandwalk.com/files/flashizm/RDETH5xC_IMG_0354.jpeg
Img_007_0409.jpg,http://cfs9.tistory.com/upload_control/download.blog?fhandle=YmxvZzEwMjc5MkBmczkudGlzdG9yeS5jb206L2F0dGFjaC8wLzMuanBn
Img_007_0410.jpg,http://recipe.ezmember.co.kr/cache/recipe/2015/08/31/1ee7b9d0491e68675c0991a38de5e0ea1_m.jpg
Img_007_0414.jpg,http://postfiles9.naver.net/MjAxNjExMTdfMzYg/MDAxNDc5Mzg5NTYxNjQz.wOZFZ3wilSjCKRuJnt6KCSDDk9o9kW9d5sLJILpx0pEg.dcw-loCpJ2H8MSQZsshr6au25-XtAlG2-KOcHP2bSAkg.JPEG.pyoun0181/%EC%86%8C%EB%B6%88%EA%B3%A0%EA%B8%B0DSC04069-005.jpg?type=w1
Img_007_0415.jpg,http://cfile236.uf.daum.net/image/155E5C254AB3ACCF0D3228
Img_007_0416.jpg,http://cfile2.uf.tistory.com/image/21449349594FA9182476FA
Img_007_0417.jpg,http://cfile29.uf.tistory.com/image/2376F0345411BDB82BA3EA
Img_007_0419.jpg,http://img.etoday.co.kr/pto_db/2017/07/20170703032338_1089105_600_682.jpg
Img_007_0420.jpg,http://postfiles4.naver.net/20130330_19/mirae7249_1364603979684HsuEW_JPEG/%BA%D2%B0%ED%B1%E2%BA%EA%B6%F3%B4%F5%BD%BA27.jpg?type=w2
Img_007_0422.jpg,https://i.ytimg.com/vi/uVKZRBb-_pg/maxresdefault.jpg
Img_007_0425.jpg,http://cfile27.uf.tistory.com/image/2653653A536599EA2A6214
Img_007_0426.jpg,http://postfiles8.naver.net/20160427_55/yoondy6107_1461721994792BtG6j_JPEG/20160426_121914.jpg?type=w773
Img_007_0427.jpg,http://food.chosun.com/site/data/img_dir/2012/12/18/2012121801560_0.jpg
Img_007_0432.jpg,http://recipe.ezmember.co.kr/cache/recipe/2015/05/22/24b77999ed69bb33860a2829191d28e71.jpg
Img_007_0433.jpg,http://recipe.ezmember.co.kr/cache/recipe/2015/04/18/c2aac4feb7c5fe07b8d118311cc8141a1.jpg
Img_007_0434.jpg,http://cfile27.uf.tistory.com/image/2435564C55992D0A17161A
Img_007_0435.jpg,http://image.hankookilbo.com/i.aspx?Guid=fe616458508d45bbb6a4cc5cdd0087d3&Month=20150911&size=640
Img_007_0436.jpg,http://www.wellbeingbox.co.kr/wp-content/uploads/2017/07/%EB%B6%88%EA%B3%A0%EA%B8%B0.jpg
Img_007_0437.jpg,http://cfile233.uf.daum.net/image/16633B4D5134154F0E1604
Img_007_0438.jpg,http://image.lottesuper.co.kr/static-root/fileupload/recipe/201203/21_457.jpg
Img_007_0439.jpg,http://img.theqoo.net/proxy.php?url=i.imgur.com/h44WvXR.jpg
Img_007_0441.jpg,http://image.aafood.co.kr/image/upload/ba/scfb6otk/lh621491473608927.jpg
Img_007_0442.jpg,http://saehanbif.com/wp-content/uploads/2015/09/%EB%B6%88%EA%B3%A0%EA%B8%B0%EC%96%91%EB%85%90%EC%9E%A5.jpg
Img_007_0443.jpg,http://cfile226.uf.daum.net/image/130964594D65ADFF32CBE0
Img_007_0444.jpg,http://mblogthumb4.phinf.naver.net/20140818_211/loveholic__1408322923769OM6DP_JPEG/IMG_3433.JPG?type=w2
Img_007_0446.jpg,http://image.hankookilbo.com/i.aspx?Guid=f279d8ade33d413495f2a51149d05233&Month=201705&size=640
Img_007_0447.jpg,http://i.imgur.com/0lIbyIm.png
Img_007_0449.jpg,http://cfile21.uf.tistory.com/image/257B2C3B538D1433291A93
Img_007_0450.jpg,http://cfile10.uf.tistory.com/image/191DF442506A965306BF24
Img_007_0451.jpg,http://recipe.ezmember.co.kr/cache/recipe/2015/08/13/412a4c7fe6b4d09086e58e94f7caadf91.jpg
Img_007_0452.jpg,http://cfile229.uf.daum.net/image/236ABD3854A34DFF03A455
Img_007_0455.jpg,http://recipe.ezmember.co.kr/cache/recipe/2015/07/08/d0a3ed1a3e735a11b37cac11d5df8bd9.jpg
Img_007_0456.jpg,http://img.ezmember.co.kr/cache/board/2014/09/17/f5aac6ef186b98a951fa43e0d3f261da.jpg
Img_007_0457.jpg,http://postfiles6.naver.net/20140818_197/loveholic__1408322914861auBuj_JPEG/%B4%EB%B9%AE.JPG?type=w1
Img_007_0458.jpg,http://mblogthumb2.phinf.naver.net/20150429_109/mimi030630_143028603719855gTR_JPEG/IMG_07380.jpg?type=w2
Img_007_0459.jpg,http://mblogthumb3.phinf.naver.net/20120105_146/torbangmalim_1325737949951APNac_JPEG/Untitled-2.jpg?type=w2
Img_007_0460.jpg,http://www.homecuisine.co.kr/files/attach/images/140/402/010/99b983892094b5c6d2fc3736e15da7d1.JPG
Img_007_0460.jpg,http://image.fmkorea.com/files/attach/new/20171115/3655304/22140497/837847690/99b983892094b5c6d2fc3736e15da7d1.jpg
Img_007_0461.jpg,http://cfile227.uf.daum.net/image/140AA43F4F2A7EDF07CA49
Img_007_0462.jpg,https://i.ytimg.com/vi/lEGaZRfFaJE/hqdefault.jpg
Img_007_0464.jpg,http://cfs11.tistory.com/image/29/tistory/2009/01/22/19/49/49784f2e1d07f
Img_007_0465.jpg,http://cfile4.uf.tistory.com/image/173D86504F9A6F221E3D93
Img_007_0466.jpg,https://www.menupan.com/common/service/img_proxy.asp?src=http%3A%2F%2Fblogfiles.naver.net%2F20130129_110%2Fyjiwon_1359464014074d1XdJ_JPEG%2F9.JPG
Img_007_0467.jpg,http://recipe.ezmember.co.kr/cache/recipe/2017/04/07/8992d6ceaf876f03671560e868a48b7d1.jpg
Img_007_0468.jpg,http://cfile213.uf.daum.net/image/184D86564D5D4E3B232AC5
Img_007_0469.jpg,http://mblogthumb4.phinf.naver.net/20160328_139/jylks2000_1459166255623T7hpK_JPEG/20160325_102023_HDR.jpg?type=w800
Img_007_0470.jpg,http://image.hankookilbo.com/i.aspx?Guid=cf21e6c29c474b9b941dc80d8a01c8bf&Month=201705&size=640
Img_007_0471.jpg,https://www.siksinhot.com/media/img/place/1462931419592900.jpg
Img_007_0472.jpg,http://cfile26.uf.tistory.com/image/224A35475270F6DC1E60E1
Img_007_0473.jpg,https://www.menupan.com/common/service/img_proxy.asp?src=http%3A%2F%2Fpostfiles15.naver.net%2F20140413_238%2Fmimi030630_1397394122529C8tgI_JPEG%2FIMG_2960.jpg%3Ftype%3Dw2
Img_007_0474.jpg,http://mblogthumb3.phinf.naver.net/MjAxNzA0MDVfMTQx/MDAxNDkxMzkyNDc4MTE3.Ad7621iN0HKO3I3rHopK6YThNUgvgAXePVS2fDCmiEQg.yZqTZV-GsNQ1h0P2cKnRylp1EZpGU4mAEXjwli9VNUIg.JPEG.saeragem/%EB%B6%88%EA%B3%A0%EA%B8%B0%EB%9D%BC%EC%9D%B4%EC%8A%A43.jpg?type=w800
Img_007_0475.jpg,http://postfiles11.naver.net/MjAxNzA0MDVfMjMx/MDAxNDkxMzkyOTEyMjEx.UZsQT-CGrjQyTYCCZM20EwTsQh1yQ-x568NAxVQtaYcg.1A9irSnjH45v97dq2oxH6CV7OV3nyXnIwS72v52TRd8g.JPEG.saeragem/%EB%B6%88%EA%B3%A0%EA%B8%B0%EB%9D%BC%EC%9D%B4%EC%8A%A44.jpg?type=w966
Img_007_0476.jpg,http://cfile5.uf.tistory.com/image/262635355381ECB42EACE2
Img_007_0477.jpg,http://cfile27.uf.tistory.com/image/205F58334F439A262650F4
Img_007_0478.jpg,http://www.menupan.com/restaurant/restimg/000/zzmenuimg/h1190606_z.jpg
Img_007_0480.jpg,http://cfile6.uf.tistory.com/image/26287F405878501E2C8D3D
Img_007_0481.jpg,http://recipe.ezmember.co.kr/cache/recipe/2017/03/31/8b7682bab9ffe1034f30e43466e67d4d1.jpg
Img_007_0482.jpg,http://hjf.co.kr/xe/?module=file&act=procFileDownload&file_srl=610&sid=3f73fd8d0d27b312030b2a31ae1b5508
Img_007_0483.jpg,https://i.ytimg.com/vi/Sbb44_I0ADQ/maxresdefault.jpg
Img_007_0484.jpg,http://mblogthumb3.phinf.naver.net/20150911_158/ju_need_14419455175562UxJW_JPEG/_MG_7468.JPG?type=w2
Img_007_0485.jpg,http://recipe.ezmember.co.kr/cache/recipe/2015/06/08/3a52a90cb903d1f00560c2d3ea8fb236_m.jpg
Img_007_0486.jpg,http://homecuisine.co.kr/files/attach/images/140/715/040/6b8630eb7dc4d545e2dd8e5d57ee2d42.JPG
Img_007_0488.jpg,http://cfile5.uf.tistory.com/image/034CF3405155A17B1F4C5D
Img_007_0490.jpg,http://recipe.ezmember.co.kr/cache/recipe/2017/05/16/247c57cc3cfe5a648b44f71afa1d83ac1.jpg
Img_007_0491.jpg,http://image.hankookilbo.com/i.aspx?Guid=7e5ea8373d9e4f2e9c003372abd5a4a9&Month=20150911&size=640
Img_007_0492.jpg,https://i.ytimg.com/vi/pZEj6GRC750/maxresdefault.jpg
Img_007_0493.jpg,http://cfile5.uf.tistory.com/image/216470475573D1FD03FA93
Img_007_0494.jpg,http://cfile24.uf.tistory.com/image/22253734574287DC0C9F48
Img_007_0497.jpg,http://cfile223.uf.daum.net/image/1744CD274AB3AD93290A3B
Img_007_0498.jpg,http://image.aafood.co.kr/image/upload/dy/ju37d7vi/9r0n1442474540761.jpg
Img_007_0500.jpg,http://recipe.ezmember.co.kr/cache/recipe/2015/06/24/69c8ea3d09993e91c7543ed0ad002ba11.jpg
Img_007_0501.jpg,http://cfile30.uf.tistory.com/image/2151873758D513350512C0
Img_007_0502.jpg,http://img.ezmember.co.kr/cache/board/2013/03/26/e68cb1804ed845e9381dd54888ca974d.jpg
Img_007_0504.jpg,https://cdn.shopify.com/s/files/1/1071/7482/products/d7810fe5d19b6247a2301ee8041f54b8_6e6a7526-1c20-44cf-80f4-018f639d1d79.jpg?v=1504724067
Img_007_0506.jpg,https://asset02.flavr.co.kr/media/wysiwyg/flavr_products/unclekim_beef/x7.jpg.pagespeed.ic.eEViyd4Zva.jpg
Img_007_0509.jpg,http://postfiles11.naver.net/20150812_122/nightsho_1439377605417gLsOq_JPEG/2.jpg?type=w1
Img_007_0512.jpg,http://cfile23.uf.tistory.com/image/2511953C575051EF16911F
Img_007_0513.jpg,http://cfile6.uf.tistory.com/image/15687C4A4EA4FA66263774
Img_007_0514.jpg,http://cfile10.uf.tistory.com/image/215ED737570B615925A25A
Img_007_0516.jpg,http://cfile3.uf.tistory.com/image/236F943D592BDC54059467
Img_007_0519.jpg,http://postfiles16.naver.net/MjAxNzA3MTRfMjcz/MDAxNDk5OTk5NTE3MTM2.nF6Xwfwu03fxd1S_PZtcsGqLeINGJ-713Q77jX7S45sg.L5YXnvlrl_pJjoIw1pKB-yLpS-Z_rXeDBnIe9YmKre0g.JPEG.nanacook/%ED%81%B0%EC%96%B8%EB%8B%88%EB%B6%88%EA%B3%A0%EA%B8%B0_%2814%29.JPG?type=w2
Img_007_0522.jpg,http://img.hani.co.kr/imgdb/resize/2017/0511/00500307_20170511.JPG
Img_007_0524.jpg,http://post.phinf.naver.net/MjAxNzAzMjdfMjcg/MDAxNDkwNTY5NjgzNzQ1.jGrWcp5yUTxxSShR8s0GTcI6V7MGMmMZjrJhvWpfpjsg.HxwG_CB5okmlzOtud2yStICCSibVAd_zgrnzS_nP4ukg.JPEG/%EB%B6%88%EA%B3%A0%EA%B8%B0%EC%83%90%EB%9F%AC%EB%93%9CDSC02296-015.jpg?type=w1200
Img_007_0528.jpg,http://cfile28.uf.tistory.com/image/2136C24D58E9736C035E4A
Img_007_0531.jpg,http://postfiles3.naver.net/MjAxNzA2MDdfMTY4/MDAxNDk2ODA5MDE5MjMz.8xynwtTpirz08w1LwG5ZGsUQlss3qorY1Lz_ZJQPgXsg.k4UitAFMNM8rrOie9J53J3DLd03550ZWuZsJBv3vEMMg.JPEG.4320486/%EC%86%8C%EB%B6%88%EA%B3%A0%EA%B8%B0_%EC%96%91%EB%85%90_%2817%29.JPG?type=w966
Img_007_0533.jpg,http://postfiles1.naver.net/MjAxNjEwMjNfNTEg/MDAxNDc3MjMzNjkwNTQ5.kQXB0sivm-Xr3ns2sZSbUjCViHz-WZQTB7Z6NaptFAAg.2bsbuoRQfnhNu4w_9MpNe-O2zg6BAJAY_AIAFR5ZT3Qg.JPEG.up_tempo/160816_%EC%98%A4%EB%A6%AC%EB%B6%88%EA%B3%A0%EA%B8%B0_%2817%29.jpg?type=w773
Img_007_0537.jpg,http://cfile1.uf.tistory.com/image/21561D3D53B129F60EAE62
Img_007_0543.jpg,http://postfiles5.naver.net/MjAxNzA0MjRfMjQ0/MDAxNDkyOTg3NzgxMjE0.FsJ0FSHF95i9iS5YNLTEmHSry7wf4ZQWxsTIxy48j9gg.XFnvvScm2RYFpe71MRky_pK7m90d-dENq-qjG9nrET4g.JPEG.shriya/%EC%9C%A4%EC%8B%9D%EB%8B%B9%EB%B6%88%EA%B3%A0%EA%B8%B0%EB%A9%94%EC%9D%B87.jpg?type=w3
Img_007_0544.jpg,http://food.chosun.com/site/data/img_dir/2017/05/22/2017052201884_0.jpg
Img_007_0545.jpg,http://cfile9.uf.tistory.com/image/245DFA4F58F1D901211990
Img_007_0547.jpg,http://cfile21.uf.tistory.com/image/2347D14754E2C0891BF061
Img_007_0551.jpg,http://img.ezmember.co.kr/cache/board/2015/04/12/7225eac33be9ea6b42d5d76a31e8efdb.jpg
Img_007_0555.jpg,http://dailyrecord.kr/wp-content/uploads/2016/10/gs25-%E1%84%80%E1%85%B5%E1%86%B7%E1%84%92%E1%85%A8%E1%84%8C%E1%85%A1-%E1%84%87%E1%85%AE%E1%86%AF%E1%84%80%E1%85%A9%E1%84%80%E1%85%B5-%E1%84%83%E1%85%A9%E1%84%89%E1%85%B5%E1%84%85%E1%85%A1%E1%86%A805.jpg
Img_007_0556.jpg,http://image.aafood.co.kr/image/upload/si/1lhract8/73891491473703234.jpg
Img_007_0557.jpg,http://cfile30.uf.tistory.com/image/241E0B4356B148CE119BDF
Img_007_0559.jpg,http://cfile5.uf.tistory.com/image/145B803F5051115326196C
Img_007_0560.jpg,http://www.cctvnews.co.kr/news/photo/201611/60568_62488_4054.jpg
Img_007_0561.jpg,http://cfile23.uf.tistory.com/image/25204E36592968D117A250
Img_007_0563.jpg,http://cfile5.uf.tistory.com/image/215B944F58F616E32D93CF
Img_007_0566.jpg,http://www.bloter.net/wp-content/uploads/2017/04/yoons_bulgogi-2-765x510.jpg
Img_007_0572.jpg,http://www.pn.co.kr/use/%EC%A0%9C%EC%9C%A1%EB%8B%B9%EB%A9%B4%EB%B6%88%EA%B3%A0%EA%B8%B0_%EB%A9%94%EC%9D%B8%EC%9D%B4%EB%AF%B8%EC%A7%80.jpg
Img_007_0573.jpg,https://media.timeout.com/images/103173742/630/472/image.jpg
Img_007_0575.jpg,http://cfile23.uf.tistory.com/image/2134864155DBC37E228523
Img_007_0576.jpg,http://cfile3.uf.tistory.com/image/2318EA4855252828066AEC
Img_007_0578.jpg,http://postfiles4.naver.net/MjAxNzA2MTRfMTU5/MDAxNDk3MzcxMTU1MjI0.NCiQ285Pz7jpqMTOyKxPNHMb-jgNEnKWR3UnGgTX5j4g.a42ANaEqy5hYdrUXZfZJJJNuzujTeW2qpCJvbqUl2E8g.GIF.cym3454/%EC%98%9B%EB%82%A0%EC%84%9C%EC%9A%B8%EB%B6%88%EA%B3%A0%EA%B8%B0.gif?type=w966
Img_007_0584.jpg,https://steemitimages.com/0x0/https://steemitimages.com/DQmcgt6FZwWXZehwkZRnsriyf55nktDWSB7FgUX8kpoiLpi/%EB%B6%88%EA%B3%A0%EA%B8%B0.jpg
Img_007_0585.jpg,http://blog.koreadaily.com/_data/user/c/h/o/cho4890kr/image/2013/9/13082731_1.jpg
Img_007_0586.jpg,http://cfile215.uf.daum.net/image/200DFA424E43EB5E0CB58F
Img_007_0587.jpg,http://daegu-byw.co.kr/img/menu08_01.jpg
Img_007_0588.jpg,http://cfile9.uf.tistory.com/image/26725E4F592066B309959C
Img_007_0591.jpg,http://kmeat.com/shop_images/%EB%B6%88%EA%B3%A0%EA%B8%B02.jpg
Img_007_0595.jpg,http://cfile4.uf.tistory.com/image/270D1F3F55EFD1E8231EBB
Img_007_0596.jpg,http://cfile10.uf.tistory.com/image/27326B465683B1FB2C8D92
Img_007_0604.jpg,http://image.lottemart.com/lim/static_root/images/prodimg/L0000/L000001748155_1_640.jpg
Img_007_0607.jpg,http://gdimg.gmarket.co.kr/889238018/still/600?ver=1510675190
Img_007_0610.jpg,http://image.chosun.com/sitedata/image/201509/23/2015092301957_0.jpg
Img_007_0614.jpg,https://wewe.be/wewe/bin/download/%EC%83%9D%ED%99%9C/%EC%9A%94%EB%A6%AC/%EC%A7%91%EB%B0%A5%20%EB%B0%B1%EC%84%A0%EC%83%9D%20%EC%B4%9D%EC%A0%95%EB%A6%AC%2C%EB%8C%80%EB%B0%B1%EA%B3%BC/%EA%B0%84%EC%9E%A5%EC%BD%A9%EB%82%98%EB%AC%BC%EB%B6%88%EA%B3%A0%EA%B8%B0/%EB%B0%B1%EC%A3%BC%EB%B6%80%20%ED%99%A9%EA%B8%88%EB%A0%88%EC%8B%9C%ED%94%BC%20%EA%B0%84%EC%9E%A5%EC%BD%A9%EB%82%98%EB%AC%BC%EB%B6%88%EA%B3%A0%EA%B8%B0%20%EB%A7%8C%EB%93%9C%EB%8A%94%20%EB%B0%A9%EB%B2%95%28%EC%A7%91%EB%B0%A5%EB%B0%B1%EC%84%A0%EC%83%9D%29%20-%20%EC%9A%94%EB%A6%AC%EC%99%95%20%EB%B0%B1%EC%A2%85%EC%9B%90/WebHome/%EA%B0%84%EC%9E%A5%EC%BD%A9%EB%82%98%EB%AC%BC%EB%B6%88%EA%B3%A0%EA%B8%B037.jpg
Img_007_0617.jpg,http://postfiles6.naver.net/MjAxNzAzMDFfMjcy/MDAxNDg4MzQ2Mjk2NDUw.9u_3jO4NiVdKg0yQOF3Qj9EEPhAYLuguymEh6b3mpsAg.hr9zh1uq7QMhlbZTdEWURj2dmp7gHQLKRm39d_-xRssg.JPEG.potato00214/%EB%B6%81%EC%84%B1%EB%A1%9C%EC%9A%B0%EB%8F%99%EB%B6%88%EA%B3%A0%EA%B8%B03.JPG?type=w966
Img_007_0620.jpg,http://www.sarang.sg/wp-content/uploads/2015/07/Chilli-Pork-Bulgogi.jpg
Img_007_0621.jpg,http://www.menupan.com/restaurant/restimg/004/zzmenuimg/h5027243_z.jpg
Img_007_0622.jpg,https://extrememanual.net/wp-content/uploads/2016/06/hyeja_dosirak_bulgogi_3-696x522.jpg
Img_007_0623.jpg,https://novirusy.files.wordpress.com/2014/08/img_4714.jpg
Img_007_0624.jpg,https://novirusy.files.wordpress.com/2014/08/img_4715.jpg
Img_007_0625.png,http://www.njkoreabbq.com/wp-content/uploads/2014/03/jd.png
Img_007_0626.jpg,http://fizzyhasan.files.wordpress.com/2010/01/kblog-bulgogi.jpg
Img_007_0627.jpg,http://upload2.inven.co.kr/upload/2017/01/02/bbs/m14452789454.jpg
Img_007_0628.jpg,https://i.ytimg.com/vi/tA99C8pU90s/maxresdefault.jpg
Img_007_0629.jpg,http://www.handule.co.kr/image/sub/goods/menu01.jpg
Img_007_0636.jpg,http://recipe.ezmember.co.kr/cache/recipe/2016/02/01/05973b09e1d8507eb99b68e36279a2c81.jpg
Img_007_0720.jpg,http://postfiles14.naver.net/MjAxNjExMzBfMTYz/MDAxNDgwNDgwODc4MjE4.VmkCMZSriOvmtFYgE1GHa36h-gAQJiEh3tonGySK0Oog.Ehnef0RxonezWIRPkYPz0p2knXh7Gbp74n6XSNoitmIg.JPEG.simi_/%EB%B6%84%EB%8B%B9_%EB%B6%88%EA%B3%A0%EA%B8%B0_%EC%86%8C%EB%B6%88%EA%B3%A0%EA%B8%B0%EC%A0%84%EA%B3%A8_%EC%86%8D%EC%B4%88%ED%99%A9%ED%83%9C%EB%83%89%EB%A9%B4_%EC%A7%B1_%287%29.jpg?type=w966
Img_007_0721.jpg,http://postfiles10.naver.net/MjAxNjExMzBfMjI5/MDAxNDgwNDgwODc4NzY1.heAFLa5u_m1REqJup-rDWZo8K8Rp00NfvqxX17zX1Bkg.k2JsYYzLtF-HZxLu233Y91SZIinycrCwcHT-xX3VrzIg.JPEG.simi_/%EB%B6%84%EB%8B%B9_%EB%B6%88%EA%B3%A0%EA%B8%B0_%EC%86%8C%EB%B6%88%EA%B3%A0%EA%B8%B0%EC%A0%84%EA%B3%A8_%EC%86%8D%EC%B4%88%ED%99%A9%ED%83%9C%EB%83%89%EB%A9%B4_%EC%A7%B1_%2810%29.jpg?type=w966
Img_007_0789.jpg,http://postfiles13.naver.net/20120511_156/elligi_1336724907247ANIUM_JPEG/%B9%F6%BC%B8%BA%D2%B0%ED%B1%E2%B8%B8%B5%E5%B4%C2%B9%FD_%283%29.JPG?type=w1
Img_007_0836.jpg,https://i.ytimg.com/vi/tA99C8pU90s/maxresdefault.jpg
Img_007_0858.jpg,https://swisshansik.files.wordpress.com/2013/09/p130916_111751.jpg
Img_007_0859.jpg,http://www.menupan.com/cook/cookimg/020500.jpg
Img_007_0860.jpg,http://recipe.ezmember.co.kr/cache/recipe/2016/02/01/05973b09e1d8507eb99b68e36279a2c81.jpg
Img_007_0861.jpg,http://recipe.ezmember.co.kr/cache/recipe/2015/11/11/07278759e59e1596a760713556905e851_m.jpg
Img_007_0862.jpg,http://www.menupan.com/Cook/CookIMG/084700.jpg
Img_007_0863.jpg,http://cfile30.uf.tistory.com/image/1159743E4F5B07B62EDEF4
Img_007_0864.jpg,https://s-media-cache-ak0.pinimg.com/736x/11/88/65/1188658b2b54c32484c235d163f1e70c.jpg
Img_007_0865.jpg,http://cfile2.uf.tistory.com/image/121655524D8F3CCF2D9860
Img_007_0866.jpg,https://scontent.cdninstagram.com/hphotos-xta1/t51.2885-15/s640x640/sh0.08/e35/12328155_1034953483221414_1753815153_n.jpg
Img_007_0868.jpg,http://cfile226.uf.daum.net/image/130964594D65ADFF32CBE0
Img_007_0869.jpg,http://tong.visitkorea.or.kr/cms/resource/15/1341115_image2_1.jpg
Img_007_0870.jpg,http://cfile223.uf.daum.net/image/1348024B4DE73081312F2B
Img_007_0871.jpg,http://img.ezday.co.kr/cache/board/M201/14/141558/141558_0.jpg
Img_007_0872.jpg,http://cfile25.uf.tistory.com/image/14198C1F4A6958E5BF51E4
Img_007_0873.jpg,http://cfile219.uf.daum.net/image/14262B464D885F2A1DB628
Img_007_0875.jpg,http://recipe.ezmember.co.kr/cache/recipe/2015/04/22/15169a437280aad225805af49ea5ddf11_m.jpg
Img_007_0876.jpg,https://scontent.cdninstagram.com/t51.2885-15/e35/16123770_380684505632778_1000899857264672768_n.jpg?ig_cache_key=MTQzODQxODQwMDE4NjY4ODc0OQ%3D%3D.2
Img_007_0877.jpg,https://i1.wp.com/subin.kim/wp-content/uploads/2014/10/1654268_297425873801120_984137667190769075_n.jpg?fit=640%2C640
Img_007_0878.jpg,http://cfile233.uf.daum.net/image/16633B4D5134154F0E1604
Img_007_0879.jpg,http://cfile3.uf.tistory.com/image/175375534D7B922026255D
Img_007_0880.jpg,http://cfile233.uf.daum.net/image/1771071A4A88E5DD021883
Img_007_0881.jpg,http://cfile229.uf.daum.net/image/18160A204B15E09438E85D
Img_007_0882.JPG,http://tong.visitkorea.or.kr/cms/resource/44/1927444_image2_1.JPG
Img_007_0883.JPG,http://tong.visitkorea.or.kr/cms/resource/45/1927445_image2_1.JPG
Img_007_0884.jpg,http://cfile205.uf.daum.net/image/19444B3A4EAD51380EA4F5
Img_007_0885.jpg,http://tong.visitkorea.or.kr/cms/resource/65/1944765_image2_1.jpg
Img_007_0886.jpg,http://tong.visitkorea.or.kr/cms/resource/18/1994018_image2_1.jpg?&amp;name=image2&amp;index=1
Img_007_0887.jpg,http://cfile6.uf.tistory.com/image/20161A194C55E37309A5E0
Img_007_0888.jpg,https://1.bp.blogspot.com/-lsKR_Zps19w/WO3YuZ8NgeI/AAAAAAAAO8s/cjAfMpMCerwX7vFT24ighsQxMp_jZB3zACKgB/s1600/20170410_185439.jpg
Img_007_0889.jpg,http://cfile27.uf.tistory.com/image/2435564C55992D0A17161A
Img_007_0890.jpg,http://cfile3.uf.tistory.com/image/2475304C56489E420D613C
Img_007_0891.jpg,http://cfile201.uf.daum.net/image/2631263E5780649D217A36
Img_007_0892.jpg,http://cfile27.uf.tistory.com/image/2653653A536599EA2A6214
Img_007_0896.jpg,http://tong.visitkorea.or.kr/cms/resource/97/400497_image2_1.jpg
Img_007_0897.jpg,http://tong.visitkorea.or.kr/cms/resource/85/401285_image2_1.jpg
Img_007_0898.jpg,http://cfs11.tistory.com/image/29/tistory/2009/01/22/19/49/49784f2e1d07f
Img_007_0899.jpg,http://tong.visitkorea.or.kr/cms/resource/94/558894_image2_1.jpg
Img_007_0900.jpg,https://jinmi1984.imweb.me/thumbnail/20161202/5841807f6234a.jpg
Img_007_0903.JPG,http://homecuisine.co.kr/files/attach/images/140/426/027/94d26345235e7b0216f694d1766f0845.JPG
Img_007_0904.jpg,http://avestaart.org/xe/files/attach/images/2609/522/014/96659caff1a71770807327de4c8b82b9.jpg
Img_007_0905.JPG,http://www.homecuisine.co.kr/files/attach/images/140/402/010/99b983892094b5c6d2fc3736e15da7d1.JPG
Img_007_0905.JPG,http://image.fmkorea.com/files/attach/new/20171115/3655304/22140497/837847690/99b983892094b5c6d2fc3736e15da7d1.jpg
Img_007_0906.jpeg,https://image.fmkorea.com/files/attach/new/20170723/486616/645804329/719837229/99b983892094b5c6d2fc3736e15da7d1.jpeg
Img_007_0909.JPG,http://www.seattlekcr.com/Pics/Art/IMG_1713_1.JPG
Img_007_0910.jpg,http://postfiles10.naver.net/20120920_137/fancycon_1348079752287yORaF_JPEG/IMG_4353_1.jpg?type=w1
Img_007_0911.JPG,http://postfiles7.naver.net/20120920_134/fancycon_1348079812614jMRuY_JPEG/IMG_4356.JPG?type=w1
Img_007_0913.jpg,http://1.bp.blogspot.com/-vyctiRwamEw/UT0Y4ZsQBNI/AAAAAAAABx4/DmUtVHN5BeE/s1600/IMG_7155.jpg
Img_007_0917.jpg,http://www.gajumarketplace.com/Gjmp36/wp-content/uploads/2012/11/M03.jpg
Img_007_0918.JPG,http://homecuisine.co.kr/files/attach/images/140/665/040/ec2ca4f34a0e9dffa12a1933cf083462.JPG
Img_007_0919.jpg,http://img.lifestyler.co.kr/uploads/channel/upload/recipe/f130304210185603467(0).jpg
Img_007_0921.jpg,https://farm3.staticflickr.com/2928/33813925790_eb63cb3553.jpg
Img_007_0922.jpg,https://farm3.staticflickr.com/2604/4095299692_967bd629e5.jpg
Img_007_0923.jpg,https://farm3.staticflickr.com/2267/2171210785_665b5cf5f7.jpg
Img_007_0924.jpg,https://farm6.staticflickr.com/5121/5378984565_2d896ae207.jpg
Img_007_0925.jpg,https://farm4.staticflickr.com/3688/11844198743_54555e6f86.jpg
Img_007_0926.jpg,https://farm3.staticflickr.com/2734/4427912663_f31d738157.jpg
Img_007_0927.jpg,https://farm9.staticflickr.com/8008/7494896750_f6dd23f143.jpg
Img_007_0928.jpg,https://farm9.staticflickr.com/8092/8590818853_e4ecde89e3.jpg
Img_007_0929.jpg,https://farm5.staticflickr.com/4175/34792899495_a7bc86a05d.jpg
Img_007_0930.jpg,https://farm3.staticflickr.com/2922/14269265930_d0dbcf2077.jpg
Img_007_0931.jpg,https://farm6.staticflickr.com/5241/5220268238_900f95bddf.jpg
Img_007_0932.jpg,https://farm5.staticflickr.com/4066/5165946442_8488b829e4.jpg
Img_007_0933.jpg,https://farm9.staticflickr.com/8079/8274742542_5ef89099a9.jpg
Img_007_0934.jpg,https://farm1.staticflickr.com/87/242699347_4bb28dad21.jpg
Img_007_0935.jpg,https://farm9.staticflickr.com/8542/8634652350_9d5f905980.jpg
Img_007_0936.jpg,https://farm4.staticflickr.com/3491/3844496428_bcf62165f0.jpg
Img_007_0938.jpg,https://farm6.staticflickr.com/5015/5458254906_be524a9186.jpg
Img_007_0939.jpg,https://farm6.staticflickr.com/5609/15640938497_855ab454bc.jpg
Img_007_0940.jpg,https://farm9.staticflickr.com/8216/8344063377_b1d17ff9de.jpg
Img_007_0941.jpg,https://farm4.staticflickr.com/3620/3309589815_927d965a89.jpg
Img_007_0942.jpg,https://farm4.staticflickr.com/3045/3793812961_49cb1966a3.jpg
Img_007_0943.jpg,https://farm3.staticflickr.com/2750/4239569967_524d463127.jpg
Img_007_0944.jpg,https://farm8.staticflickr.com/7205/6968769501_289ffec794.jpg
Img_007_0945.jpg,https://farm4.staticflickr.com/3931/33888294766_696846f258.jpg
Img_007_0946.jpg,https://farm7.staticflickr.com/6121/6001005524_236320448e.jpg
Img_007_0947.jpg,https://farm4.staticflickr.com/3852/33647741080_ec50969f7d.jpg
Img_007_0948.jpg,https://farm7.staticflickr.com/6062/6109845990_cf20336a9f.jpg
Img_007_0949.jpg,https://farm3.staticflickr.com/2811/33086187944_95e511ff8f.jpg
Img_007_0950.jpg,https://farm8.staticflickr.com/7315/12353010915_01a8b72e57.jpg
Img_007_0951.jpg,https://farm4.staticflickr.com/3166/3050966807_0c7d935f68.jpg
Img_007_0952.jpg,https://farm9.staticflickr.com/8224/8323243753_bb078d2e58.jpg
Img_007_0953.jpg,https://farm6.staticflickr.com/5515/9183640336_8fee98449b.jpg
Img_007_0954.jpg,https://farm9.staticflickr.com/8350/8199000909_0f82eda097.jpg
Img_007_0955.jpg,https://farm4.staticflickr.com/3697/12322064643_6f197097c5.jpg
Img_007_0956.jpg,https://farm8.staticflickr.com/7351/9645631426_c7b3a361ce.jpg
Img_007_0957.jpg,https://farm1.staticflickr.com/212/490664288_4f98e778a5.jpg
Img_007_0958.jpg,https://farm6.staticflickr.com/5532/14300505791_bd871c8fdd.jpg
Img_007_0959.jpg,https://farm3.staticflickr.com/2782/4339748183_6c35b8b1ea.jpg
Img_007_0960.jpg,https://farm4.staticflickr.com/3489/3992487498_427c6cf309.jpg
Img_007_0961.jpg,https://s-media-cache-ak0.pinimg.com/736x/11/88/65/1188658b2b54c32484c235d163f1e70c.jpg
Img_007_0962.jpg,https://farm4.staticflickr.com/3154/2829140903_506fff7ed8.jpg
Img_007_0963.jpg,https://farm4.staticflickr.com/3357/3599779088_546095d016.jpg
Img_007_0964.jpg,https://farm8.staticflickr.com/7421/9228567534_580350819c.jpg
Img_007_0965.jpg,https://farm3.staticflickr.com/2893/12761673493_82e26a0302.jpg
Img_007_0966.jpg,https://farm4.staticflickr.com/3318/4595130474_df5744e30e.jpg
Img_007_0967.jpg,https://farm6.staticflickr.com/5131/5482491245_aebde3c81b.jpg
Img_007_0968.jpg,https://farm6.staticflickr.com/5052/5573842850_18989a8c6c.jpg
Img_007_0969.jpg,https://farm7.staticflickr.com/6166/6184050810_ddb71ed6b7.jpg
Img_007_0970.jpg,https://farm8.staticflickr.com/7388/15892781534_5a645384a0.jpg
Img_007_0971.jpg,https://farm6.staticflickr.com/5771/23070689510_bdab81ec00.jpg
Img_007_0972.jpg,https://farm4.staticflickr.com/3816/12306356335_2ec5156c2c.jpg
Img_007_0973.jpg,https://farm9.staticflickr.com/8035/8036288170_b8bc09d718.jpg
Img_007_0974.jpg,https://farm9.staticflickr.com/8355/8371548933_883f609c01.jpg
Img_007_0975.jpg,https://farm8.staticflickr.com/7308/12811810233_c6d9263fb4.jpg
Img_007_0976.jpg,https://farm9.staticflickr.com/8101/8467966804_d8b5b9c24e.jpg
Img_007_0977.jpg,https://farm6.staticflickr.com/5087/5225718341_ee607d247a.jpg
Img_007_0978.jpg,https://farm9.staticflickr.com/8002/7661609046_0bef12a775.jpg
Img_007_0979.jpg,https://farm3.staticflickr.com/2862/9241831258_23298a6fe2.jpg
Img_007_0980.jpg,https://farm4.staticflickr.com/3013/2648634599_a4905c831b.jpg
Img_007_0981.jpg,https://farm5.staticflickr.com/4091/5008663616_eeef3920ff.jpg
Img_007_0982.jpg,https://farm6.staticflickr.com/5096/5523760599_5968f0af85.jpg
Img_007_0983.jpg,https://farm7.staticflickr.com/6118/6336440817_0abdaff682.jpg
Img_007_0984.jpg,https://farm3.staticflickr.com/2574/4084958559_67bf09a288.jpg
Img_007_0985.jpg,https://farm2.staticflickr.com/1381/5104625586_7fb950e571.jpg
Img_007_0986.jpg,https://farm5.staticflickr.com/4061/4292895110_f57ffcb232.jpg
Img_007_0987.jpg,https://farm5.staticflickr.com/4016/4429033100_38c23a2034.jpg
Img_007_0988.jpg,https://farm4.staticflickr.com/3396/4621523312_8cf7211c59.jpg
Img_007_0989.jpg,https://farm5.staticflickr.com/4158/34535076221_7b003dba9a.jpg
Img_007_0990.jpg,https://farm4.staticflickr.com/3688/13144386393_3dcd393e1a.jpg
Img_007_0991.jpg,https://farm8.staticflickr.com/7048/6868488639_7fbc0cdf68.jpg
Img_007_0992.jpg,https://farm8.staticflickr.com/7460/12286995554_20b1a7ccec.jpg
Img_007_0993.jpg,https://farm4.staticflickr.com/3541/3457323584_39ba2c7baf.jpg
Img_007_0994.jpg,https://farm1.staticflickr.com/127/323635217_997c67dde7.jpg
Img_007_0995.jpg,https://farm6.staticflickr.com/5478/12308373993_04e52a4a44.jpg
Img_007_0996.jpg,https://farm9.staticflickr.com/8519/8671115457_3139c2ffe6.jpg
Img_007_0997.jpg,https://farm8.staticflickr.com/7360/12328634663_8c8215161a.jpg
Img_007_0998.jpg,https://farm8.staticflickr.com/7401/13951694928_21ed31a9ac.jpg
Img_007_0999.jpg,https://farm8.staticflickr.com/7534/15512438440_4f3093c801.jpg
